symbol,sector_code,sector_name,source,updated_at
000001,j66,J66货币金融服务,证监会行业分类,2026-07-28
000002,k70,K70房地产业,证监会行业分类,2026-07-28
000006,k70,K70房地产业,证监会行业分类,2026-07-28
000007,k70,K70房地产业,证监会行业分类,2026-07-28
000008,c37,C37铁路、船舶、航空航天和其他运输设备制造业,证监会行业分类,2026-07-28
000009,j69,J69其他金融业,证监会行业分类,2026-07-28
000010,e48,E48土木工程建筑业,证监会行业分类,2026-07-28
000011,k70,K70房地产业,证监会行业分类,2026-07-28
000012,c30,C30非金属矿物制品业,证监会行业分类,2026-07-28
000014,k70,K70房地产业,证监会行业分类,2026-07-28
000016,c39,C39计算机、通信和其他电子设备制造业,证监会行业分类,2026-07-28
000017,c24,C24文教、工美、体育和娱乐用品制造业,证监会行业分类,2026-07-28
000019,f51,F51批发业,证监会行业分类,2026-07-28
000020,c39,C39计算机、通信和其他电子设备制造业,证监会行业分类,2026-07-28
000021,c39,C39计算机、通信和其他电子设备制造业,证监会行业分类,2026-07-28
000025,f51,F51批发业,证监会行业分类,2026-07-28
000026,f52,F52零售业,证监会行业分类,2026-07-28
000027,d44,D44电力、热力生产和供应业,证监会行业分类,2026-07-28
000028,f51,F51批发业,证监会行业分类,2026-07-28
000029,k70,K70房地产业,证监会行业分类,2026-07-28
000030,c36,C36汽车制造业,证监会行业分类,2026-07-28
000031,k70,K70房地产业,证监会行业分类,2026-07-28
000032,e49,E49建筑安装业,证监会行业分类,2026-07-28
000034,f51,F51批发业,证监会行业分类,2026-07-28
000035,n77,N77生态保护和环境治理业,证监会行业分类,2026-07-28
000036,k70,K70房地产业,证监会行业分类,2026-07-28
000037,d44,D44电力、热力生产和供应业,证监会行业分类,2026-07-28
000039,c33,C33金属制品业,证监会行业分类,2026-07-28
000042,k70,K70房地产业,证监会行业分类,2026-07-28
000045,c39,C39计算机、通信和其他电子设备制造业,证监会行业分类,2026-07-28
000048,a03,A03畜牧业,证监会行业分类,2026-07-28
000049,c38,C38电气机械和器材制造业,证监会行业分类,2026-07-28
000050,c39,C39计算机、通信和其他电子设备制造业,证监会行业分类,2026-07-28
000055,c33,C33金属制品业,证监会行业分类,2026-07-28
000056,l72,L72商务服务业,证监会行业分类,2026-07-28
000058,l72,L72商务服务业,证监会行业分类,2026-07-28
000059,c25,C25石油、煤炭及其他燃料加工业,证监会行业分类,2026-07-28
000060,c32,C32有色金属冶炼和压延加工业,证监会行业分类,2026-07-28
000061,l72,L72商务服务业,证监会行业分类,2026-07-28
000062,f51,F51批发业,证监会行业分类,2026-07-28
000063,c39,C39计算机、通信和其他电子设备制造业,证监会行业分类,2026-07-28
000065,f51,F51批发业,证监会行业分类,2026-07-28
000066,c39,C39计算机、通信和其他电子设备制造业,证监会行业分类,2026-07-28
000068,f51,F51批发业,证监会行业分类,2026-07-28
000069,k70,K70房地产业,证监会行业分类,2026-07-28
000070,c39,C39计算机、通信和其他电子设备制造业,证监会行业分类,2026-07-28
000078,f51,F51批发业,证监会行业分类,2026-07-28
000088,g55,G55水上运输业,证监会行业分类,2026-07-28
000089,g56,G56航空运输业,证监会行业分类,2026-07-28
000090,e48,E48土木工程建筑业,证监会行业分类,2026-07-28
000096,f51,F51批发业,证监会行业分类,2026-07-28
000099,g56,G56航空运输业,证监会行业分类,2026-07-28
000100,c39,C39计算机、通信和其他电子设备制造业,证监会行业分类,2026-07-28
000151,f51,F51批发业,证监会行业分类,2026-07-28
000153,c27,C27医药制造业,证监会行业分类,2026-07-28
000155,d44,D44电力、热力生产和供应业,证监会行业分类,2026-07-28
000156,i63,I63电信、广播电视和卫星传输服务,证监会行业分类,2026-07-28
000157,c35,C35专用设备制造业,证监会行业分类,2026-07-28
000158,i65,I65软件和信息技术服务业,证监会行业分类,2026-07-28
000159,f51,F51批发业,证监会行业分类,2026-07-28
000166,j67,J67资本市场服务,证监会行业分类,2026-07-28
000301,c26,C26化学原料和化学制品制造业,证监会行业分类,2026-07-28
000333,c38,C38电气机械和器材制造业,证监会行业分类,2026-07-28
000338,c36,C36汽车制造业,证监会行业分类,2026-07-28
000400,c38,C38电气机械和器材制造业,证监会行业分类,2026-07-28
000401,c30,C30非金属矿物制品业,证监会行业分类,2026-07-28
000402,k70,K70房地产业,证监会行业分类,2026-07-28
000403,c27,C27医药制造业,证监会行业分类,2026-07-28
000404,c34,C34通用设备制造业,证监会行业分类,2026-07-28
000407,d45,D45燃气生产和供应业,证监会行业分类,2026-07-28
000408,c26,C26化学原料和化学制品制造业,证监会行业分类,2026-07-28
000409,i65,I65软件和信息技术服务业,证监会行业分类,2026-07-28
000410,c34,C34通用设备制造业,证监会行业分类,2026-07-28
000411,f51,F51批发业,证监会行业分类,2026-07-28
000415,l71,L71租赁业,证监会行业分类,2026-07-28
000417,f52,F52零售业,证监会行业分类,2026-07-28
000419,f52,F52零售业,证监会行业分类,2026-07-28
000420,c28,C28化学纤维制造业,证监会行业分类,2026-07-28
000421,d45,D45燃气生产和供应业,证监会行业分类,2026-07-28
000422,c26,C26化学原料和化学制品制造业,证监会行业分类,2026-07-28
000423,c27,C27医药制造业,证监会行业分类,2026-07-28
000425,c35,C35专用设备制造业,证监会行业分类,2026-07-28
000426,b09,B09有色金属矿采选业,证监会行业分类,2026-07-28
000428,h61,H61住宿业,证监会行业分类,2026-07-28
000429,g54,G54道路运输业,证监会行业分类,2026-07-28
000430,n78,N78公共设施管理业,证监会行业分类,2026-07-28
000488,c22,C22造纸和纸制品业,证监会行业分类,2026-07-28
000498,e48,E48土木工程建筑业,证监会行业分类,2026-07-28
000501,f52,F52零售业,证监会行业分类,2026-07-28
000503,i64,I64互联网和相关服务,证监会行业分类,2026-07-28
000504,m75,M75科技推广和应用服务业,证监会行业分类,2026-07-28
000505,c13,C13农副食品加工业,证监会行业分类,2026-07-28
000506,b09,B09有色金属矿采选业,证监会行业分类,2026-07-28
000507,g55,G55水上运输业,证监会行业分类,2026-07-28
000509,c39,C39计算机、通信和其他电子设备制造业,证监会行业分类,2026-07-28
000510,c26,C26化学原料和化学制品制造业,证监会行业分类,2026-07-28
000513,c27,C27医药制造业,证监会行业分类,2026-07-28
000514,k70,K70房地产业,证监会行业分类,2026-07-28
000516,q84,Q84卫生,证监会行业分类,2026-07-28
000517,k70,K70房地产业,证监会行业分类,2026-07-28
000518,c27,C27医药制造业,证监会行业分类,2026-07-28
000519,c35,C35专用设备制造业,证监会行业分类,2026-07-28
000520,g55,G55水上运输业,证监会行业分类,2026-07-28
000521,c38,C38电气机械和器材制造业,证监会行业分类,2026-07-28
000523,c13,C13农副食品加工业,证监会行业分类,2026-07-28
000524,l72,L72商务服务业,证监会行业分类,2026-07-28
000525,c26,C26化学原料和化学制品制造业,证监会行业分类,2026-07-28
000526,p83,P83教育,证监会行业分类,2026-07-28
000528,c35,C35专用设备制造业,证监会行业分类,2026-07-28
000529,c13,C13农副食品加工业,证监会行业分类,2026-07-28
000530,c34,C34通用设备制造业,证监会行业分类,2026-07-28
000531,d44,D44电力、热力生产和供应业,证监会行业分类,2026-07-28
000532,s91,S91综合,证监会行业分类,2026-07-28
000533,c38,C38电气机械和器材制造业,证监会行业分类,2026-07-28
000534,c27,C27医药制造业,证监会行业分类,2026-07-28
000536,c39,C39计算机、通信和其他电子设备制造业,证监会行业分类,2026-07-28
000537,d44,D44电力、热力生产和供应业,证监会行业分类,2026-07-28
000538,c27,C27医药制造业,证监会行业分类,2026-07-28
000539,d44,D44电力、热力生产和供应业,证监会行业分类,2026-07-28
000541,c38,C38电气机械和器材制造业,证监会行业分类,2026-07-28
000543,d44,D44电力、热力生产和供应业,证监会行业分类,2026-07-28
000544,d46,D46水的生产和供应业,证监会行业分类,2026-07-28
000545,c26,C26化学原料和化学制品制造业,证监会行业分类,2026-07-28
000546,c42,C42废弃资源综合利用业,证监会行业分类,2026-07-28
000547,c39,C39计算机、通信和其他电子设备制造业,证监会行业分类,2026-07-28
000548,g54,G54道路运输业,证监会行业分类,2026-07-28
000550,c36,C36汽车制造业,证监会行业分类,2026-07-28
000551,c35,C35专用设备制造业,证监会行业分类,2026-07-28
000552,b06,B06煤炭开采和洗选业,证监会行业分类,2026-07-28
000553,c26,C26化学原料和化学制品制造业,证监会行业分类,2026-07-28
000554,f51,F51批发业,证监会行业分类,2026-07-28
000555,i65,I65软件和信息技术服务业,证监会行业分类,2026-07-28
000557,g53,G53铁路运输业,证监会行业分类,2026-07-28
000558,n78,N78公共设施管理业,证监会行业分类,2026-07-28
000559,c36,C36汽车制造业,证监会行业分类,2026-07-28
000560,k70,K70房地产业,证监会行业分类,2026-07-28
000561,c39,C39计算机、通信和其他电子设备制造业,证监会行业分类,2026-07-28
000563,j69,J69其他金融业,证监会行业分类,2026-07-28
000564,f52,F52零售业,证监会行业分类,2026-07-28
000565,c26,C26化学原料和化学制品制造业,证监会行业分类,2026-07-28
000566,c27,C27医药制造业,证监会行业分类,2026-07-28
000567,j69,J69其他金融业,证监会行业分类,2026-07-28
000568,c15,C15酒、饮料和精制茶制造业,证监会行业分类,2026-07-28
000570,c34,C34通用设备制造业,证监会行业分类,2026-07-28
000571,b06,B06煤炭开采和洗选业,证监会行业分类,2026-07-28
000572,c36,C36汽车制造业,证监会行业分类,2026-07-28
000573,c42,C42废弃资源综合利用业,证监会行业分类,2026-07-28
000576,c39,C39计算机、通信和其他电子设备制造业,证监会行业分类,2026-07-28
000581,c36,C36汽车制造业,证监会行业分类,2026-07-28
000582,g55,G55水上运输业,证监会行业分类,2026-07-28
000586,c38,C38电气机械和器材制造业,证监会行业分类,2026-07-28
000589,c29,C29橡胶和塑料制品业,证监会行业分类,2026-07-28
000590,c27,C27医药制造业,证监会行业分类,2026-07-28
000591,d44,D44电力、热力生产和供应业,证监会行业分类,2026-07-28
000592,c20,C20木材加工和木、竹、藤、棕、草制品业,证监会行业分类,2026-07-28
000593,d45,D45燃气生产和供应业,证监会行业分类,2026-07-28
000595,c34,C34通用设备制造业,证监会行业分类,2026-07-28
000596,c15,C15酒、饮料和精制茶制造业,证监会行业分类,2026-07-28
000597,c27,C27医药制造业,证监会行业分类,2026-07-28
000598,d46,D46水的生产和供应业,证监会行业分类,2026-07-28
000599,c29,C29橡胶和塑料制品业,证监会行业分类,2026-07-28
000600,d44,D44电力、热力生产和供应业,证监会行业分类,2026-07-28
000601,d44,D44电力、热力生产和供应业,证监会行业分类,2026-07-28
000603,b09,B09有色金属矿采选业,证监会行业分类,2026-07-28
000605,d46,D46水的生产和供应业,证监会行业分类,2026-07-28
000607,l72,L72商务服务业,证监会行业分类,2026-07-28
000608,k70,K70房地产业,证监会行业分类,2026-07-28
000609,s91,S91综合,证监会行业分类,2026-07-28
000610,l72,L72商务服务业,证监会行业分类,2026-07-28
000612,c32,C32有色金属冶炼和压延加工业,证监会行业分类,2026-07-28
000615,q84,Q84卫生,证监会行业分类,2026-07-28
000617,j66,J66货币金融服务,证监会行业分类,2026-07-28
000619,c29,C29橡胶和塑料制品业,证监会行业分类,2026-07-28
000620,k70,K70房地产业,证监会行业分类,2026-07-28
000623,c27,C27医药制造业,证监会行业分类,2026-07-28
000625,c36,C36汽车制造业,证监会行业分类,2026-07-28
000626,f51,F51批发业,证监会行业分类,2026-07-28
000628,e47,E47房屋建筑业,证监会行业分类,2026-07-28
000629,c32,C32有色金属冶炼和压延加工业,证监会行业分类,2026-07-28
000630,c32,C32有色金属冶炼和压延加工业,证监会行业分类,2026-07-28
000631,k70,K70房地产业,证监会行业分类,2026-07-28
000632,f51,F51批发业,证监会行业分类,2026-07-28
000633,c32,C32有色金属冶炼和压延加工业,证监会行业分类,2026-07-28
000635,c26,C26化学原料和化学制品制造业,证监会行业分类,2026-07-28
000636,c39,C39计算机、通信和其他电子设备制造业,证监会行业分类,2026-07-28
000637,c26,C26化学原料和化学制品制造业,证监会行业分类,2026-07-28
000639,c13,C13农副食品加工业,证监会行业分类,2026-07-28
000650,c27,C27医药制造业,证监会行业分类,2026-07-28
000651,c38,C38电气机械和器材制造业,证监会行业分类,2026-07-28
000652,f51,F51批发业,证监会行业分类,2026-07-28
000655,b08,B08黑色金属矿采选业,证监会行业分类,2026-07-28
000656,k70,K70房地产业,证监会行业分类,2026-07-28
000657,c33,C33金属制品业,证监会行业分类,2026-07-28
000659,c29,C29橡胶和塑料制品业,证监会行业分类,2026-07-28
000661,c27,C27医药制造业,证监会行业分类,2026-07-28
000663,a02,A02林业,证监会行业分类,2026-07-28
000665,i63,I63电信、广播电视和卫星传输服务,证监会行业分类,2026-07-28
000668,k70,K70房地产业,证监会行业分类,2026-07-28
000669,d45,D45燃气生产和供应业,证监会行业分类,2026-07-28
000670,f51,F51批发业,证监会行业分类,2026-07-28
000672,c30,C30非金属矿物制品业,证监会行业分类,2026-07-28
000676,l72,L72商务服务业,证监会行业分类,2026-07-28
000677,c17,C17纺织业,证监会行业分类,2026-07-28
000678,c36,C36汽车制造业,证监会行业分类,2026-07-28
000679,f52,F52零售业,证监会行业分类,2026-07-28
000680,c35,C35专用设备制造业,证监会行业分类,2026-07-28
000681,i64,I64互联网和相关服务,证监会行业分类,2026-07-28
000682,i65,I65软件和信息技术服务业,证监会行业分类,2026-07-28
000683,c26,C26化学原料和化学制品制造业,证监会行业分类,2026-07-28
000685,d46,D46水的生产和供应业,证监会行业分类,2026-07-28
000686,j67,J67资本市场服务,证监会行业分类,2026-07-28
000688,b09,B09有色金属矿采选业,证监会行业分类,2026-07-28
000690,d44,D44电力、热力生产和供应业,证监会行业分类,2026-07-28
000691,c26,C26化学原料和化学制品制造业,证监会行业分类,2026-07-28
000692,d44,D44电力、热力生产和供应业,证监会行业分类,2026-07-28
000695,c30,C30非金属矿物制品业,证监会行业分类,2026-07-28
000697,c37,C37铁路、船舶、航空航天和其他运输设备制造业,证监会行业分类,2026-07-28
000698,c26,C26化学原料和化学制品制造业,证监会行业分类,2026-07-28
000700,c36,C36汽车制造业,证监会行业分类,2026-07-28
000701,f51,F51批发业,证监会行业分类,2026-07-28
000702,c13,C13农副食品加工业,证监会行业分类,2026-07-28
000703,c28,C28化学纤维制造业,证监会行业分类,2026-07-28
000705,f51,F51批发业,证监会行业分类,2026-07-28
000707,c26,C26化学原料和化学制品制造业,证监会行业分类,2026-07-28
000708,c31,C31黑色金属冶炼和压延加工业,证监会行业分类,2026-07-28
000709,c31,C31黑色金属冶炼和压延加工业,证监会行业分类,2026-07-28
000710,m74,M74专业技术服务业,证监会行业分类,2026-07-28
000711,c42,C42废弃资源综合利用业,证监会行业分类,2026-07-28
000712,j67,J67资本市场服务,证监会行业分类,2026-07-28
000713,a05,A05农、林、牧、渔专业及辅助性活动,证监会行业分类,2026-07-28
000715,f52,F52零售业,证监会行业分类,2026-07-28
000716,c14,C14食品制造业,证监会行业分类,2026-07-28
000717,c31,C31黑色金属冶炼和压延加工业,证监会行业分类,2026-07-28
000718,k70,K70房地产业,证监会行业分类,2026-07-28
000719,r86,R86新闻和出版业,证监会行业分类,2026-07-28
000720,c38,C38电气机械和器材制造业,证监会行业分类,2026-07-28
000721,h62,H62餐饮业,证监会行业分类,2026-07-28
000722,d44,D44电力、热力生产和供应业,证监会行业分类,2026-07-28
000723,c25,C25石油、煤炭及其他燃料加工业,证监会行业分类,2026-07-28
000725,c39,C39计算机、通信和其他电子设备制造业,证监会行业分类,2026-07-28
000726,c17,C17纺织业,证监会行业分类,2026-07-28
000727,c39,C39计算机、通信和其他电子设备制造业,证监会行业分类,2026-07-28
000728,j67,J67资本市场服务,证监会行业分类,2026-07-28
000729,c15,C15酒、饮料和精制茶制造业,证监会行业分类,2026-07-28
000731,c26,C26化学原料和化学制品制造业,证监会行业分类,2026-07-28
000733,c39,C39计算机、通信和其他电子设备制造业,证监会行业分类,2026-07-28
000735,a03,A03畜牧业,证监会行业分类,2026-07-28
000736,k70,K70房地产业,证监会行业分类,2026-07-28
000737,c32,C32有色金属冶炼和压延加工业,证监会行业分类,2026-07-28
000738,c37,C37铁路、船舶、航空航天和其他运输设备制造业,证监会行业分类,2026-07-28
000739,c27,C27医药制造业,证监会行业分类,2026-07-28
000750,j67,J67资本市场服务,证监会行业分类,2026-07-28
000751,c32,C32有色金属冶炼和压延加工业,证监会行业分类,2026-07-28
000752,c15,C15酒、饮料和精制茶制造业,证监会行业分类,2026-07-28
000753,f52,F52零售业,证监会行业分类,2026-07-28
000755,g54,G54道路运输业,证监会行业分类,2026-07-28
000756,c27,C27医药制造业,证监会行业分类,2026-07-28
000757,f52,F52零售业,证监会行业分类,2026-07-28
000758,b09,B09有色金属矿采选业,证监会行业分类,2026-07-28
000759,f52,F52零售业,证监会行业分类,2026-07-28
000761,c31,C31黑色金属冶炼和压延加工业,证监会行业分类,2026-07-28
000762,b09,B09有色金属矿采选业,证监会行业分类,2026-07-28
000766,c27,C27医药制造业,证监会行业分类,2026-07-28
000767,d44,D44电力、热力生产和供应业,证监会行业分类,2026-07-28
000768,c37,C37铁路、船舶、航空航天和其他运输设备制造业,证监会行业分类,2026-07-28
000776,j67,J67资本市场服务,证监会行业分类,2026-07-28
000777,c34,C34通用设备制造业,证监会行业分类,2026-07-28
000778,c33,C33金属制品业,证监会行业分类,2026-07-28
000779,m74,M74专业技术服务业,证监会行业分类,2026-07-28
000782,c28,C28化学纤维制造业,证监会行业分类,2026-07-28
000783,j67,J67资本市场服务,证监会行业分类,2026-07-28
000785,l72,L72商务服务业,证监会行业分类,2026-07-28
000786,c30,C30非金属矿物制品业,证监会行业分类,2026-07-28
000788,c27,C27医药制造业,证监会行业分类,2026-07-28
000789,c30,C30非金属矿物制品业,证监会行业分类,2026-07-28
000790,c27,C27医药制造业,证监会行业分类,2026-07-28
000791,d44,D44电力、热力生产和供应业,证监会行业分类,2026-07-28
000792,c26,C26化学原料和化学制品制造业,证监会行业分类,2026-07-28
000793,r86,R86新闻和出版业,证监会行业分类,2026-07-28
000795,c30,C30非金属矿物制品业,证监会行业分类,2026-07-28
000796,l72,L72商务服务业,证监会行业分类,2026-07-28
000797,k70,K70房地产业,证监会行业分类,2026-07-28
000798,a04,A04渔业,证监会行业分类,2026-07-28
000799,c15,C15酒、饮料和精制茶制造业,证监会行业分类,2026-07-28
000800,c36,C36汽车制造业,证监会行业分类,2026-07-28
000801,c39,C39计算机、通信和其他电子设备制造业,证监会行业分类,2026-07-28
000802,r87,R87广播、电视、电影和录音制作业,证监会行业分类,2026-07-28
000803,n77,N77生态保护和环境治理业,证监会行业分类,2026-07-28
000807,c32,C32有色金属冶炼和压延加工业,证监会行业分类,2026-07-28
000809,c38,C38电气机械和器材制造业,证监会行业分类,2026-07-28
000810,c39,C39计算机、通信和其他电子设备制造业,证监会行业分类,2026-07-28
000811,c34,C34通用设备制造业,证监会行业分类,2026-07-28
000812,c23,C23印刷和记录媒介复制业,证监会行业分类,2026-07-28
000813,c27,C27医药制造业,证监会行业分类,2026-07-28
000815,c22,C22造纸和纸制品业,证监会行业分类,2026-07-28
000816,c34,C34通用设备制造业,证监会行业分类,2026-07-28
000818,c26,C26化学原料和化学制品制造业,证监会行业分类,2026-07-28
000819,c25,C25石油、煤炭及其他燃料加工业,证监会行业分类,2026-07-28
000820,m74,M74专业技术服务业,证监会行业分类,2026-07-28
000821,c35,C35专用设备制造业,证监会行业分类,2026-07-28
000822,c26,C26化学原料和化学制品制造业,证监会行业分类,2026-07-28
000823,c39,C39计算机、通信和其他电子设备制造业,证监会行业分类,2026-07-28
000825,c31,C31黑色金属冶炼和压延加工业,证监会行业分类,2026-07-28
000826,n78,N78公共设施管理业,证监会行业分类,2026-07-28
000828,g54,G54道路运输业,证监会行业分类,2026-07-28
000829,f51,F51批发业,证监会行业分类,2026-07-28
000830,c26,C26化学原料和化学制品制造业,证监会行业分类,2026-07-28
000831,c32,C32有色金属冶炼和压延加工业,证监会行业分类,2026-07-28
000833,s91,S91综合,证监会行业分类,2026-07-28
000837,c34,C34通用设备制造业,证监会行业分类,2026-07-28
000838,k70,K70房地产业,证监会行业分类,2026-07-28
000839,i65,I65软件和信息技术服务业,证监会行业分类,2026-07-28
000848,c15,C15酒、饮料和精制茶制造业,证监会行业分类,2026-07-28
000850,c17,C17纺织业,证监会行业分类,2026-07-28
000852,c35,C35专用设备制造业,证监会行业分类,2026-07-28
000856,c35,C35专用设备制造业,证监会行业分类,2026-07-28
000858,c15,C15酒、饮料和精制茶制造业,证监会行业分类,2026-07-28
000859,c29,C29橡胶和塑料制品业,证监会行业分类,2026-07-28
000860,c15,C15酒、饮料和精制茶制造业,证监会行业分类,2026-07-28
000862,d44,D44电力、热力生产和供应业,证监会行业分类,2026-07-28
000863,k70,K70房地产业,证监会行业分类,2026-07-28
000868,c36,C36汽车制造业,证监会行业分类,2026-07-28
000869,c15,C15酒、饮料和精制茶制造业,证监会行业分类,2026-07-28
000875,d44,D44电力、热力生产和供应业,证监会行业分类,2026-07-28
000876,c13,C13农副食品加工业,证监会行业分类,2026-07-28
000877,c30,C30非金属矿物制品业,证监会行业分类,2026-07-28
000878,c32,C32有色金属冶炼和压延加工业,证监会行业分类,2026-07-28
000880,c34,C34通用设备制造业,证监会行业分类,2026-07-28
000881,c26,C26化学原料和化学制品制造业,证监会行业分类,2026-07-28
000882,l72,L72商务服务业,证监会行业分类,2026-07-28
000883,d44,D44电力、热力生产和供应业,证监会行业分类,2026-07-28
000885,n77,N77生态保护和环境治理业,证监会行业分类,2026-07-28
000886,g54,G54道路运输业,证监会行业分类,2026-07-28
000887,c29,C29橡胶和塑料制品业,证监会行业分类,2026-07-28
000888,n78,N78公共设施管理业,证监会行业分类,2026-07-28
000889,i65,I65软件和信息技术服务业,证监会行业分类,2026-07-28
000890,c33,C33金属制品业,证监会行业分类,2026-07-28
000892,r87,R87广播、电视、电影和录音制作业,证监会行业分类,2026-07-28
000893,c26,C26化学原料和化学制品制造业,证监会行业分类,2026-07-28
000895,c13,C13农副食品加工业,证监会行业分类,2026-07-28
000897,k70,K70房地产业,证监会行业分类,2026-07-28
000898,c31,C31黑色金属冶炼和压延加工业,证监会行业分类,2026-07-28
000899,d44,D44电力、热力生产和供应业,证监会行业分类,2026-07-28
000900,g54,G54道路运输业,证监会行业分类,2026-07-28
000901,c36,C36汽车制造业,证监会行业分类,2026-07-28
000902,c26,C26化学原料和化学制品制造业,证监会行业分类,2026-07-28
000903,c34,C34通用设备制造业,证监会行业分类,2026-07-28
000905,f51,F51批发业,证监会行业分类,2026-07-28
000906,l72,L72商务服务业,证监会行业分类,2026-07-28
000908,c27,C27医药制造业,证监会行业分类,2026-07-28
000909,k70,K70房地产业,证监会行业分类,2026-07-28
000910,c20,C20木材加工和木、竹、藤、棕、草制品业,证监会行业分类,2026-07-28
000911,c13,C13农副食品加工业,证监会行业分类,2026-07-28
000912,c26,C26化学原料和化学制品制造业,证监会行业分类,2026-07-28
000913,c37,C37铁路、船舶、航空航天和其他运输设备制造业,证监会行业分类,2026-07-28
000915,c27,C27医药制造业,证监会行业分类,2026-07-28
000917,i63,I63电信、广播电视和卫星传输服务,证监会行业分类,2026-07-28
000919,c27,C27医药制造业,证监会行业分类,2026-07-28
000920,c26,C26化学原料和化学制品制造业,证监会行业分类,2026-07-28
000921,c38,C38电气机械和器材制造业,证监会行业分类,2026-07-28
000922,c38,C38电气机械和器材制造业,证监会行业分类,2026-07-28
000923,b08,B08黑色金属矿采选业,证监会行业分类,2026-07-28
000925,c37,C37铁路、船舶、航空航天和其他运输设备制造业,证监会行业分类,2026-07-28
000926,k70,K70房地产业,证监会行业分类,2026-07-28
000927,l72,L72商务服务业,证监会行业分类,2026-07-28
000928,e48,E48土木工程建筑业,证监会行业分类,2026-07-28
000929,c15,C15酒、饮料和精制茶制造业,证监会行业分类,2026-07-28
000930,c26,C26化学原料和化学制品制造业,证监会行业分类,2026-07-28
000931,c27,C27医药制造业,证监会行业分类,2026-07-28
000932,c31,C31黑色金属冶炼和压延加工业,证监会行业分类,2026-07-28
000933,c32,C32有色金属冶炼和压延加工业,证监会行业分类,2026-07-28
000935,c30,C30非金属矿物制品业,证监会行业分类,2026-07-28
000936,c28,C28化学纤维制造业,证监会行业分类,2026-07-28
000937,b06,B06煤炭开采和洗选业,证监会行业分类,2026-07-28
000938,c39,C39计算机、通信和其他电子设备制造业,证监会行业分类,2026-07-28
000948,i65,I65软件和信息技术服务业,证监会行业分类,2026-07-28
000949,c28,C28化学纤维制造业,证监会行业分类,2026-07-28
000950,f51,F51批发业,证监会行业分类,2026-07-28
000951,c36,C36汽车制造业,证监会行业分类,2026-07-28
000952,c27,C27医药制造业,证监会行业分类,2026-07-28
000953,c27,C27医药制造业,证监会行业分类,2026-07-28
000955,c17,C17纺织业,证监会行业分类,2026-07-28
000957,c36,C36汽车制造业,证监会行业分类,2026-07-28
000958,d44,D44电力、热力生产和供应业,证监会行业分类,2026-07-28
000959,c31,C31黑色金属冶炼和压延加工业,证监会行业分类,2026-07-28
000960,c32,C32有色金属冶炼和压延加工业,证监会行业分类,2026-07-28
000962,c32,C32有色金属冶炼和压延加工业,证监会行业分类,2026-07-28
000963,f52,F52零售业,证监会行业分类,2026-07-28
000965,k70,K70房地产业,证监会行业分类,2026-07-28
000966,d44,D44电力、热力生产和供应业,证监会行业分类,2026-07-28
000967,c35,C35专用设备制造业,证监会行业分类,2026-07-28
000968,b07,B07石油和天然气开采业,证监会行业分类,2026-07-28
000969,c33,C33金属制品业,证监会行业分类,2026-07-28
000970,c39,C39计算机、通信和其他电子设备制造业,证监会行业分类,2026-07-28
000972,c13,C13农副食品加工业,证监会行业分类,2026-07-28
000973,c29,C29橡胶和塑料制品业,证监会行业分类,2026-07-28
000975,b09,B09有色金属矿采选业,证监会行业分类,2026-07-28
000977,c39,C39计算机、通信和其他电子设备制造业,证监会行业分类,2026-07-28
000978,n78,N78公共设施管理业,证监会行业分类,2026-07-28
000980,c36,C36汽车制造业,证监会行业分类,2026-07-28
000981,c36,C36汽车制造业,证监会行业分类,2026-07-28
000983,b06,B06煤炭开采和洗选业,证监会行业分类,2026-07-28
000985,c26,C26化学原料和化学制品制造业,证监会行业分类,2026-07-28
000987,j69,J69其他金融业,证监会行业分类,2026-07-28
000988,c39,C39计算机、通信和其他电子设备制造业,证监会行业分类,2026-07-28
000989,c27,C27医药制造业,证监会行业分类,2026-07-28
000990,c26,C26化学原料和化学制品制造业,证监会行业分类,2026-07-28
000993,d44,D44电力、热力生产和供应业,证监会行业分类,2026-07-28
000995,c15,C15酒、饮料和精制茶制造业,证监会行业分类,2026-07-28
000997,i65,I65软件和信息技术服务业,证监会行业分类,2026-07-28
000998,a05,A05农、林、牧、渔专业及辅助性活动,证监会行业分类,2026-07-28
000999,c27,C27医药制造业,证监会行业分类,2026-07-28
001201,a03,A03畜牧业,证监会行业分类,2026-07-28
001202,g58,G58多式联运和运输代理业,证监会行业分类,2026-07-28
001203,b08,B08黑色金属矿采选业,证监会行业分类,2026-07-28
001205,g55,G55水上运输业,证监会行业分类,2026-07-28
001206,c41,C41其他制造业,证监会行业分类,2026-07-28
001207,c26,C26化学原料和化学制品制造业,证监会行业分类,2026-07-28
001208,c38,C38电气机械和器材制造业,证监会行业分类,2026-07-28
001209,c18,C18纺织服装、服饰业,证监会行业分类,2026-07-28
001210,d44,D44电力、热力生产和供应业,证监会行业分类,2026-07-28
001211,c20,C20木材加工和木、竹、藤、棕、草制品业,证监会行业分类,2026-07-28
001212,c30,C30非金属矿物制品业,证监会行业分类,2026-07-28
001213,g53,G53铁路运输业,证监会行业分类,2026-07-28
001215,c14,C14食品制造业,证监会行业分类,2026-07-28
001216,c30,C30非金属矿物制品业,证监会行业分类,2026-07-28
001217,c26,C26化学原料和化学制品制造业,证监会行业分类,2026-07-28
001218,c26,C26化学原料和化学制品制造业,证监会行业分类,2026-07-28
001219,c14,C14食品制造业,证监会行业分类,2026-07-28
001220,g54,G54道路运输业,证监会行业分类,2026-07-28
001221,c33,C33金属制品业,证监会行业分类,2026-07-28
001222,c41,C41其他制造业,证监会行业分类,2026-07-28
001223,c35,C35专用设备制造业,证监会行业分类,2026-07-28
001225,c34,C34通用设备制造业,证监会行业分类,2026-07-28
001226,c34,C34通用设备制造业,证监会行业分类,2026-07-28
001227,j66,J66货币金融服务,证监会行业分类,2026-07-28
001228,l72,L72商务服务业,证监会行业分类,2026-07-28
001229,c39,C39计算机、通信和其他电子设备制造业,证监会行业分类,2026-07-28
001230,n78,N78公共设施管理业,证监会行业分类,2026-07-28
001231,c26,C26化学原料和化学制品制造业,证监会行业分类,2026-07-28
001233,c29,C29橡胶和塑料制品业,证监会行业分类,2026-07-28
001234,c18,C18纺织服装、服饰业,证监会行业分类,2026-07-28
001236,j67,J67资本市场服务,证监会行业分类,2026-07-28
001237,c38,C38电气机械和器材制造业,证监会行业分类,2026-07-28
001238,c21,C21家具制造业,证监会行业分类,2026-07-28
001239,c33,C33金属制品业,证监会行业分类,2026-07-28
001248,d44,D44电力、热力生产和供应业,证监会行业分类,2026-07-28
001255,c26,C26化学原料和化学制品制造业,证监会行业分类,2026-07-28
001256,c35,C35专用设备制造业,证监会行业分类,2026-07-28
001257,b09,B09有色金属矿采选业,证监会行业分类,2026-07-28
001258,d44,D44电力、热力生产和供应业,证监会行业分类,2026-07-28
001259,c38,C38电气机械和器材制造业,证监会行业分类,2026-07-28
001260,c36,C36汽车制造业,证监会行业分类,2026-07-28
001266,c40,C40仪器仪表制造业,证监会行业分类,2026-07-28
001267,c39,C39计算机、通信和其他电子设备制造业,证监会行业分类,2026-07-28
001268,c34,C34通用设备制造业,证监会行业分类,2026-07-28
001269,c42,C42废弃资源综合利用业,证监会行业分类,2026-07-28
001270,c39,C39计算机、通信和其他电子设备制造业,证监会行业分类,2026-07-28
001277,c43,C43金属制品、机械和设备修理业,证监会行业分类,2026-07-28
001278,c36,C36汽车制造业,证监会行业分类,2026-07-28
001279,c23,C23印刷和记录媒介复制业,证监会行业分类,2026-07-28
001280,b09,B09有色金属矿采选业,证监会行业分类,2026-07-28
001282,c36,C36汽车制造业,证监会行业分类,2026-07-28
001283,c38,C38电气机械和器材制造业,证监会行业分类,2026-07-28
001285,c39,C39计算机、通信和其他电子设备制造业,证监会行业分类,2026-07-28
001286,d44,D44电力、热力生产和供应业,证监会行业分类,2026-07-28
001287,f51,F51批发业,证监会行业分类,2026-07-28
001288,c34,C34通用设备制造业,证监会行业分类,2026-07-28
001289,d44,D44电力、热力生产和供应业,证监会行业分类,2026-07-28
001296,c30,C30非金属矿物制品业,证监会行业分类,2026-07-28
001298,f51,F51批发业,证监会行业分类,2026-07-28
001299,d45,D45燃气生产和供应业,证监会行业分类,2026-07-28
001300,c24,C24文教、工美、体育和娱乐用品制造业,证监会行业分类,2026-07-28
001301,c30,C30非金属矿物制品业,证监会行业分类,2026-07-28
001306,c34,C34通用设备制造业,证监会行业分类,2026-07-28
001308,c39,C39计算机、通信和其他电子设备制造业,证监会行业分类,2026-07-28
001309,c39,C39计算机、通信和其他电子设备制造业,证监会行业分类,2026-07-28
001311,c36,C36汽车制造业,证监会行业分类,2026-07-28
001312,c17,C17纺织业,证监会行业分类,2026-07-28
001313,c13,C13农副食品加工业,证监会行业分类,2026-07-28
001314,c39,C39计算机、通信和其他电子设备制造业,证监会行业分类,2026-07-28
001316,f51,F51批发业,证监会行业分类,2026-07-28
001317,g58,G58多式联运和运输代理业,证监会行业分类,2026-07-28
001318,c14,C14食品制造业,证监会行业分类,2026-07-28
001319,c36,C36汽车制造业,证监会行业分类,2026-07-28
001322,c30,C30非金属矿物制品业,证监会行业分类,2026-07-28
001323,c21,C21家具制造业,证监会行业分类,2026-07-28
001324,c37,C37铁路、船舶、航空航天和其他运输设备制造业,证监会行业分类,2026-07-28
001325,c29,C29橡胶和塑料制品业,证监会行业分类,2026-07-28
001326,c38,C38电气机械和器材制造业,证监会行业分类,2026-07-28
001328,c26,C26化学原料和化学制品制造业,证监会行业分类,2026-07-28
001330,r87,R87广播、电视、电影和录音制作业,证监会行业分类,2026-07-28
001331,d45,D45燃气生产和供应业,证监会行业分类,2026-07-28
001332,c33,C33金属制品业,证监会行业分类,2026-07-28
001333,c26,C26化学原料和化学制品制造业,证监会行业分类,2026-07-28
001335,f51,F51批发业,证监会行业分类,2026-07-28
001336,c35,C35专用设备制造业,证监会行业分类,2026-07-28
001337,b09,B09有色金属矿采选业,证监会行业分类,2026-07-28
001338,c15,C15酒、饮料和精制茶制造业,证监会行业分类,2026-07-28
001339,c39,C39计算机、通信和其他电子设备制造业,证监会行业分类,2026-07-28
001356,c29,C29橡胶和塑料制品业,证监会行业分类,2026-07-28
001358,c26,C26化学原料和化学制品制造业,证监会行业分类,2026-07-28
001359,c30,C30非金属矿物制品业,证监会行业分类,2026-07-28
001360,c35,C35专用设备制造业,证监会行业分类,2026-07-28
001365,c36,C36汽车制造业,证监会行业分类,2026-07-28
001366,c13,C13农副食品加工业,证监会行业分类,2026-07-28
001367,c27,C27医药制造业,证监会行业分类,2026-07-28
001368,c29,C29橡胶和塑料制品业,证监会行业分类,2026-07-28
001369,c26,C26化学原料和化学制品制造业,证监会行业分类,2026-07-28
001373,c39,C39计算机、通信和其他电子设备制造业,证监会行业分类,2026-07-28
001376,d44,D44电力、热力生产和供应业,证监会行业分类,2026-07-28
001378,c29,C29橡胶和塑料制品业,证监会行业分类,2026-07-28
001379,c34,C34通用设备制造业,证监会行业分类,2026-07-28
001380,c34,C34通用设备制造业,证监会行业分类,2026-07-28
001382,c38,C38电气机械和器材制造业,证监会行业分类,2026-07-28
001386,c30,C30非金属矿物制品业,证监会行业分类,2026-07-28
001387,c38,C38电气机械和器材制造业,证监会行业分类,2026-07-28
001388,c39,C39计算机、通信和其他电子设备制造业,证监会行业分类,2026-07-28
001389,c39,C39计算机、通信和其他电子设备制造业,证监会行业分类,2026-07-28
001390,c19,C19皮革、毛皮、羽毛及其制品和制鞋业,证监会行业分类,2026-07-28
001391,g56,G56航空运输业,证监会行业分类,2026-07-28
001393,c38,C38电气机械和器材制造业,证监会行业分类,2026-07-28
001395,c35,C35专用设备制造业,证监会行业分类,2026-07-28
001396,m74,M74专业技术服务业,证监会行业分类,2026-07-28
001399,c39,C39计算机、通信和其他电子设备制造业,证监会行业分类,2026-07-28
001400,c35,C35专用设备制造业,证监会行业分类,2026-07-28
001696,c34,C34通用设备制造业,证监会行业分类,2026-07-28
001872,g55,G55水上运输业,证监会行业分类,2026-07-28
001896,d44,D44电力、热力生产和供应业,证监会行业分类,2026-07-28
001914,k70,K70房地产业,证监会行业分类,2026-07-28
001965,g54,G54道路运输业,证监会行业分类,2026-07-28
001979,k70,K70房地产业,证监会行业分类,2026-07-28
002001,c27,C27医药制造业,证监会行业分类,2026-07-28
002003,c18,C18纺织服装、服饰业,证监会行业分类,2026-07-28
002004,c26,C26化学原料和化学制品制造业,证监会行业分类,2026-07-28
002005,c38,C38电气机械和器材制造业,证监会行业分类,2026-07-28
002006,c35,C35专用设备制造业,证监会行业分类,2026-07-28
002007,c27,C27医药制造业,证监会行业分类,2026-07-28
002008,c35,C35专用设备制造业,证监会行业分类,2026-07-28
002009,c35,C35专用设备制造业,证监会行业分类,2026-07-28
002010,l72,L72商务服务业,证监会行业分类,2026-07-28
002011,c34,C34通用设备制造业,证监会行业分类,2026-07-28
002012,c22,C22造纸和纸制品业,证监会行业分类,2026-07-28
002014,c29,C29橡胶和塑料制品业,证监会行业分类,2026-07-28
002015,d44,D44电力、热力生产和供应业,证监会行业分类,2026-07-28
002016,k70,K70房地产业,证监会行业分类,2026-07-28
002017,c39,C39计算机、通信和其他电子设备制造业,证监会行业分类,2026-07-28
002019,c27,C27医药制造业,证监会行业分类,2026-07-28
002020,c27,C27医药制造业,证监会行业分类,2026-07-28
002021,c35,C35专用设备制造业,证监会行业分类,2026-07-28
002022,c27,C27医药制造业,证监会行业分类,2026-07-28
002023,c43,C43金属制品、机械和设备修理业,证监会行业分类,2026-07-28
002024,f52,F52零售业,证监会行业分类,2026-07-28
002025,c39,C39计算机、通信和其他电子设备制造业,证监会行业分类,2026-07-28
002026,c38,C38电气机械和器材制造业,证监会行业分类,2026-07-28
002027,l72,L72商务服务业,证监会行业分类,2026-07-28
002028,c38,C38电气机械和器材制造业,证监会行业分类,2026-07-28
002029,c18,C18纺织服装、服饰业,证监会行业分类,2026-07-28
002030,c27,C27医药制造业,证监会行业分类,2026-07-28
002031,c35,C35专用设备制造业,证监会行业分类,2026-07-28
002032,c38,C38电气机械和器材制造业,证监会行业分类,2026-07-28
002033,n78,N78公共设施管理业,证监会行业分类,2026-07-28
002034,d44,D44电力、热力生产和供应业,证监会行业分类,2026-07-28
002035,c38,C38电气机械和器材制造业,证监会行业分类,2026-07-28
002036,c39,C39计算机、通信和其他电子设备制造业,证监会行业分类,2026-07-28
002037,c26,C26化学原料和化学制品制造业,证监会行业分类,2026-07-28
002038,c27,C27医药制造业,证监会行业分类,2026-07-28
002039,d44,D44电力、热力生产和供应业,证监会行业分类,2026-07-28
002040,g55,G55水上运输业,证监会行业分类,2026-07-28
002041,a05,A05农、林、牧、渔专业及辅助性活动,证监会行业分类,2026-07-28
002042,c17,C17纺织业,证监会行业分类,2026-07-28
002043,c20,C20木材加工和木、竹、藤、棕、草制品业,证监会行业分类,2026-07-28
002044,q84,Q84卫生,证监会行业分类,2026-07-28
002045,c39,C39计算机、通信和其他电子设备制造业,证监会行业分类,2026-07-28
002046,c34,C34通用设备制造业,证监会行业分类,2026-07-28
002047,e50,E50建筑装饰、装修和其他建筑业,证监会行业分类,2026-07-28
002048,c36,C36汽车制造业,证监会行业分类,2026-07-28
002049,c39,C39计算机、通信和其他电子设备制造业,证监会行业分类,2026-07-28
002050,c34,C34通用设备制造业,证监会行业分类,2026-07-28
002051,e48,E48土木工程建筑业,证监会行业分类,2026-07-28
002052,c39,C39计算机、通信和其他电子设备制造业,证监会行业分类,2026-07-28
002053,d44,D44电力、热力生产和供应业,证监会行业分类,2026-07-28
002054,c26,C26化学原料和化学制品制造业,证监会行业分类,2026-07-28
002055,c39,C39计算机、通信和其他电子设备制造业,证监会行业分类,2026-07-28
002056,c38,C38电气机械和器材制造业,证监会行业分类,2026-07-28
002057,c26,C26化学原料和化学制品制造业,证监会行业分类,2026-07-28
002058,c40,C40仪器仪表制造业,证监会行业分类,2026-07-28
002059,n78,N78公共设施管理业,证监会行业分类,2026-07-28
002060,e48,E48土木工程建筑业,证监会行业分类,2026-07-28
002061,e48,E48土木工程建筑业,证监会行业分类,2026-07-28
002062,e48,E48土木工程建筑业,证监会行业分类,2026-07-28
002063,i65,I65软件和信息技术服务业,证监会行业分类,2026-07-28
002064,c28,C28化学纤维制造业,证监会行业分类,2026-07-28
002065,i65,I65软件和信息技术服务业,证监会行业分类,2026-07-28
002066,c30,C30非金属矿物制品业,证监会行业分类,2026-07-28
002067,c22,C22造纸和纸制品业,证监会行业分类,2026-07-28
002068,c26,C26化学原料和化学制品制造业,证监会行业分类,2026-07-28
002069,a04,A04渔业,证监会行业分类,2026-07-28
002072,f51,F51批发业,证监会行业分类,2026-07-28
002073,c35,C35专用设备制造业,证监会行业分类,2026-07-28
002074,c38,C38电气机械和器材制造业,证监会行业分类,2026-07-28
002075,c31,C31黑色金属冶炼和压延加工业,证监会行业分类,2026-07-28
002076,c38,C38电气机械和器材制造业,证监会行业分类,2026-07-28
002077,c39,C39计算机、通信和其他电子设备制造业,证监会行业分类,2026-07-28
002078,c22,C22造纸和纸制品业,证监会行业分类,2026-07-28
002079,c39,C39计算机、通信和其他电子设备制造业,证监会行业分类,2026-07-28
002080,c30,C30非金属矿物制品业,证监会行业分类,2026-07-28
002081,e50,E50建筑装饰、装修和其他建筑业,证监会行业分类,2026-07-28
002082,c27,C27医药制造业,证监会行业分类,2026-07-28
002083,c17,C17纺织业,证监会行业分类,2026-07-28
002084,c33,C33金属制品业,证监会行业分类,2026-07-28
002085,c36,C36汽车制造业,证监会行业分类,2026-07-28
002086,a04,A04渔业,证监会行业分类,2026-07-28
002088,c30,C30非金属矿物制品业,证监会行业分类,2026-07-28
002090,c38,C38电气机械和器材制造业,证监会行业分类,2026-07-28
002091,f51,F51批发业,证监会行业分类,2026-07-28
002092,c26,C26化学原料和化学制品制造业,证监会行业分类,2026-07-28
002093,i65,I65软件和信息技术服务业,证监会行业分类,2026-07-28
002094,c26,C26化学原料和化学制品制造业,证监会行业分类,2026-07-28
002095,i64,I64互联网和相关服务,证监会行业分类,2026-07-28
002096,c26,C26化学原料和化学制品制造业,证监会行业分类,2026-07-28
002097,c35,C35专用设备制造业,证监会行业分类,2026-07-28
002098,c41,C41其他制造业,证监会行业分类,2026-07-28
002099,c27,C27医药制造业,证监会行业分类,2026-07-28
002100,c13,C13农副食品加工业,证监会行业分类,2026-07-28
002101,c36,C36汽车制造业,证监会行业分类,2026-07-28
002102,c27,C27医药制造业,证监会行业分类,2026-07-28
002103,c24,C24文教、工美、体育和娱乐用品制造业,证监会行业分类,2026-07-28
002104,c39,C39计算机、通信和其他电子设备制造业,证监会行业分类,2026-07-28
002105,c37,C37铁路、船舶、航空航天和其他运输设备制造业,证监会行业分类,2026-07-28
002106,c39,C39计算机、通信和其他电子设备制造业,证监会行业分类,2026-07-28
002107,c27,C27医药制造业,证监会行业分类,2026-07-28
002108,c29,C29橡胶和塑料制品业,证监会行业分类,2026-07-28
002109,c26,C26化学原料和化学制品制造业,证监会行业分类,2026-07-28
002110,c31,C31黑色金属冶炼和压延加工业,证监会行业分类,2026-07-28
002111,c35,C35专用设备制造业,证监会行业分类,2026-07-28
002112,c38,C38电气机械和器材制造业,证监会行业分类,2026-07-28
002114,c32,C32有色金属冶炼和压延加工业,证监会行业分类,2026-07-28
002115,l72,L72商务服务业,证监会行业分类,2026-07-28
002116,e48,E48土木工程建筑业,证监会行业分类,2026-07-28
002117,c23,C23印刷和记录媒介复制业,证监会行业分类,2026-07-28
002119,c39,C39计算机、通信和其他电子设备制造业,证监会行业分类,2026-07-28
002120,g60,G60邮政业,证监会行业分类,2026-07-28
002121,c40,C40仪器仪表制造业,证监会行业分类,2026-07-28
002122,c34,C34通用设备制造业,证监会行业分类,2026-07-28
002123,i65,I65软件和信息技术服务业,证监会行业分类,2026-07-28
002124,a03,A03畜牧业,证监会行业分类,2026-07-28
002125,c26,C26化学原料和化学制品制造业,证监会行业分类,2026-07-28
002126,c36,C36汽车制造业,证监会行业分类,2026-07-28
002127,l72,L72商务服务业,证监会行业分类,2026-07-28
002128,b06,B06煤炭开采和洗选业,证监会行业分类,2026-07-28
002129,c38,C38电气机械和器材制造业,证监会行业分类,2026-07-28
002130,c39,C39计算机、通信和其他电子设备制造业,证监会行业分类,2026-07-28
002131,l72,L72商务服务业,证监会行业分类,2026-07-28
002132,c33,C33金属制品业,证监会行业分类,2026-07-28
002133,k70,K70房地产业,证监会行业分类,2026-07-28
002134,c39,C39计算机、通信和其他电子设备制造业,证监会行业分类,2026-07-28
002135,c33,C33金属制品业,证监会行业分类,2026-07-28
002136,c26,C26化学原料和化学制品制造业,证监会行业分类,2026-07-28
002137,c38,C38电气机械和器材制造业,证监会行业分类,2026-07-28
002138,c39,C39计算机、通信和其他电子设备制造业,证监会行业分类,2026-07-28
002139,c38,C38电气机械和器材制造业,证监会行业分类,2026-07-28
002140,e48,E48土木工程建筑业,证监会行业分类,2026-07-28
002141,c38,C38电气机械和器材制造业,证监会行业分类,2026-07-28
002142,j66,J66货币金融服务,证监会行业分类,2026-07-28
002144,c17,C17纺织业,证监会行业分类,2026-07-28
002145,c26,C26化学原料和化学制品制造业,证监会行业分类,2026-07-28
002146,k70,K70房地产业,证监会行业分类,2026-07-28
002148,i65,I65软件和信息技术服务业,证监会行业分类,2026-07-28
002149,c32,C32有色金属冶炼和压延加工业,证监会行业分类,2026-07-28
002150,c38,C38电气机械和器材制造业,证监会行业分类,2026-07-28
002151,c39,C39计算机、通信和其他电子设备制造业,证监会行业分类,2026-07-28
002152,c39,C39计算机、通信和其他电子设备制造业,证监会行业分类,2026-07-28
002153,i65,I65软件和信息技术服务业,证监会行业分类,2026-07-28
002154,c18,C18纺织服装、服饰业,证监会行业分类,2026-07-28
002155,b09,B09有色金属矿采选业,证监会行业分类,2026-07-28
002156,c39,C39计算机、通信和其他电子设备制造业,证监会行业分类,2026-07-28
002157,a03,A03畜牧业,证监会行业分类,2026-07-28
002158,c34,C34通用设备制造业,证监会行业分类,2026-07-28
002159,n78,N78公共设施管理业,证监会行业分类,2026-07-28
002160,c32,C32有色金属冶炼和压延加工业,证监会行业分类,2026-07-28
002161,c39,C39计算机、通信和其他电子设备制造业,证监会行业分类,2026-07-28
002162,c30,C30非金属矿物制品业,证监会行业分类,2026-07-28
002163,e50,E50建筑装饰、装修和其他建筑业,证监会行业分类,2026-07-28
002164,c34,C34通用设备制造业,证监会行业分类,2026-07-28
002165,c26,C26化学原料和化学制品制造业,证监会行业分类,2026-07-28
002166,c27,C27医药制造业,证监会行业分类,2026-07-28
002167,c32,C32有色金属冶炼和压延加工业,证监会行业分类,2026-07-28
002168,c38,C38电气机械和器材制造业,证监会行业分类,2026-07-28
002169,c38,C38电气机械和器材制造业,证监会行业分类,2026-07-28
002170,c26,C26化学原料和化学制品制造业,证监会行业分类,2026-07-28
002171,c32,C32有色金属冶炼和压延加工业,证监会行业分类,2026-07-28
002172,q84,Q84卫生,证监会行业分类,2026-07-28
002173,q84,Q84卫生,证监会行业分类,2026-07-28
002174,i64,I64互联网和相关服务,证监会行业分类,2026-07-28
002175,c40,C40仪器仪表制造业,证监会行业分类,2026-07-28
002176,c32,C32有色金属冶炼和压延加工业,证监会行业分类,2026-07-28
002177,c35,C35专用设备制造业,证监会行业分类,2026-07-28
002178,i65,I65软件和信息技术服务业,证监会行业分类,2026-07-28
002179,c39,C39计算机、通信和其他电子设备制造业,证监会行业分类,2026-07-28
002180,c39,C39计算机、通信和其他电子设备制造业,证监会行业分类,2026-07-28
002181,l72,L72商务服务业,证监会行业分类,2026-07-28
002182,c32,C32有色金属冶炼和压延加工业,证监会行业分类,2026-07-28
002183,l72,L72商务服务业,证监会行业分类,2026-07-28
002184,c38,C38电气机械和器材制造业,证监会行业分类,2026-07-28
002185,c39,C39计算机、通信和其他电子设备制造业,证监会行业分类,2026-07-28
002186,h62,H62餐饮业,证监会行业分类,2026-07-28
002187,f52,F52零售业,证监会行业分类,2026-07-28
002188,k70,K70房地产业,证监会行业分类,2026-07-28
002189,c39,C39计算机、通信和其他电子设备制造业,证监会行业分类,2026-07-28
002190,c36,C36汽车制造业,证监会行业分类,2026-07-28
002191,c23,C23印刷和记录媒介复制业,证监会行业分类,2026-07-28
002192,b09,B09有色金属矿采选业,证监会行业分类,2026-07-28
002193,c18,C18纺织服装、服饰业,证监会行业分类,2026-07-28
002194,c39,C39计算机、通信和其他电子设备制造业,证监会行业分类,2026-07-28
002195,i64,I64互联网和相关服务,证监会行业分类,2026-07-28
002196,c38,C38电气机械和器材制造业,证监会行业分类,2026-07-28
002197,i65,I65软件和信息技术服务业,证监会行业分类,2026-07-28
002198,c27,C27医药制造业,证监会行业分类,2026-07-28
002199,c39,C39计算机、通信和其他电子设备制造业,证监会行业分类,2026-07-28
002200,e48,E48土木工程建筑业,证监会行业分类,2026-07-28
002201,c30,C30非金属矿物制品业,证监会行业分类,2026-07-28
002202,c34,C34通用设备制造业,证监会行业分类,2026-07-28
002203,c32,C32有色金属冶炼和压延加工业,证监会行业分类,2026-07-28
002204,c34,C34通用设备制造业,证监会行业分类,2026-07-28
002205,c30,C30非金属矿物制品业,证监会行业分类,2026-07-28
002206,c28,C28化学纤维制造业,证监会行业分类,2026-07-28
002207,b11,B11开采专业及辅助性活动,证监会行业分类,2026-07-28
002208,k70,K70房地产业,证监会行业分类,2026-07-28
002209,c35,C35专用设备制造业,证监会行业分类,2026-07-28
002210,l72,L72商务服务业,证监会行业分类,2026-07-28
002211,c26,C26化学原料和化学制品制造业,证监会行业分类,2026-07-28
002212,i65,I65软件和信息技术服务业,证监会行业分类,2026-07-28
002213,c39,C39计算机、通信和其他电子设备制造业,证监会行业分类,2026-07-28
002214,c39,C39计算机、通信和其他电子设备制造业,证监会行业分类,2026-07-28
002215,c26,C26化学原料和化学制品制造业,证监会行业分类,2026-07-28
002216,c14,C14食品制造业,证监会行业分类,2026-07-28
002217,c39,C39计算机、通信和其他电子设备制造业,证监会行业分类,2026-07-28
002218,c38,C38电气机械和器材制造业,证监会行业分类,2026-07-28
002219,q84,Q84卫生,证监会行业分类,2026-07-28
002221,f51,F51批发业,证监会行业分类,2026-07-28
002222,c39,C39计算机、通信和其他电子设备制造业,证监会行业分类,2026-07-28
002223,c35,C35专用设备制造业,证监会行业分类,2026-07-28
002224,c29,C29橡胶和塑料制品业,证监会行业分类,2026-07-28
002225,c30,C30非金属矿物制品业,证监会行业分类,2026-07-28
002226,c26,C26化学原料和化学制品制造业,证监会行业分类,2026-07-28
002227,c38,C38电气机械和器材制造业,证监会行业分类,2026-07-28
002228,c22,C22造纸和纸制品业,证监会行业分类,2026-07-28
002229,c23,C23印刷和记录媒介复制业,证监会行业分类,2026-07-28
002230,i65,I65软件和信息技术服务业,证监会行业分类,2026-07-28
002232,i65,I65软件和信息技术服务业,证监会行业分类,2026-07-28
002233,c30,C30非金属矿物制品业,证监会行业分类,2026-07-28
002234,a03,A03畜牧业,证监会行业分类,2026-07-28
002235,c22,C22造纸和纸制品业,证监会行业分类,2026-07-28
002236,c39,C39计算机、通信和其他电子设备制造业,证监会行业分类,2026-07-28
002237,c32,C32有色金属冶炼和压延加工业,证监会行业分类,2026-07-28
002238,i63,I63电信、广播电视和卫星传输服务,证监会行业分类,2026-07-28
002239,c36,C36汽车制造业,证监会行业分类,2026-07-28
002240,c32,C32有色金属冶炼和压延加工业,证监会行业分类,2026-07-28
002241,c39,C39计算机、通信和其他电子设备制造业,证监会行业分类,2026-07-28
002242,c38,C38电气机械和器材制造业,证监会行业分类,2026-07-28
002243,c29,C29橡胶和塑料制品业,证监会行业分类,2026-07-28
002244,k70,K70房地产业,证监会行业分类,2026-07-28
002245,c38,C38电气机械和器材制造业,证监会行业分类,2026-07-28
002246,c26,C26化学原料和化学制品制造业,证监会行业分类,2026-07-28
002247,c22,C22造纸和纸制品业,证监会行业分类,2026-07-28
002248,c34,C34通用设备制造业,证监会行业分类,2026-07-28
002249,c38,C38电气机械和器材制造业,证监会行业分类,2026-07-28
002250,c26,C26化学原料和化学制品制造业,证监会行业分类,2026-07-28
002251,f52,F52零售业,证监会行业分类,2026-07-28
002252,c27,C27医药制造业,证监会行业分类,2026-07-28
002253,i65,I65软件和信息技术服务业,证监会行业分类,2026-07-28
002254,c28,C28化学纤维制造业,证监会行业分类,2026-07-28
002255,c34,C34通用设备制造业,证监会行业分类,2026-07-28
002256,d44,D44电力、热力生产和供应业,证监会行业分类,2026-07-28
002258,c26,C26化学原料和化学制品制造业,证监会行业分类,2026-07-28
002259,d45,D45燃气生产和供应业,证监会行业分类,2026-07-28
002261,i65,I65软件和信息技术服务业,证监会行业分类,2026-07-28
002262,c27,C27医药制造业,证监会行业分类,2026-07-28
002263,c29,C29橡胶和塑料制品业,证监会行业分类,2026-07-28
002264,i64,I64互联网和相关服务,证监会行业分类,2026-07-28
002265,c36,C36汽车制造业,证监会行业分类,2026-07-28
002266,n77,N77生态保护和环境治理业,证监会行业分类,2026-07-28
002267,d45,D45燃气生产和供应业,证监会行业分类,2026-07-28
002268,i65,I65软件和信息技术服务业,证监会行业分类,2026-07-28
002269,c18,C18纺织服装、服饰业,证监会行业分类,2026-07-28
002270,c38,C38电气机械和器材制造业,证监会行业分类,2026-07-28
002271,c30,C30非金属矿物制品业,证监会行业分类,2026-07-28
002272,c34,C34通用设备制造业,证监会行业分类,2026-07-28
002273,c39,C39计算机、通信和其他电子设备制造业,证监会行业分类,2026-07-28
002274,c26,C26化学原料和化学制品制造业,证监会行业分类,2026-07-28
002275,c27,C27医药制造业,证监会行业分类,2026-07-28
002276,c38,C38电气机械和器材制造业,证监会行业分类,2026-07-28
002277,f52,F52零售业,证监会行业分类,2026-07-28
002278,c35,C35专用设备制造业,证监会行业分类,2026-07-28
002279,i65,I65软件和信息技术服务业,证监会行业分类,2026-07-28
002281,c39,C39计算机、通信和其他电子设备制造业,证监会行业分类,2026-07-28
002282,c30,C30非金属矿物制品业,证监会行业分类,2026-07-28
002283,c36,C36汽车制造业,证监会行业分类,2026-07-28
002284,c36,C36汽车制造业,证监会行业分类,2026-07-28
002285,k70,K70房地产业,证监会行业分类,2026-07-28
002286,c13,C13农副食品加工业,证监会行业分类,2026-07-28
002287,c27,C27医药制造业,证监会行业分类,2026-07-28
002289,c39,C39计算机、通信和其他电子设备制造业,证监会行业分类,2026-07-28
002290,c38,C38电气机械和器材制造业,证监会行业分类,2026-07-28
002291,i64,I64互联网和相关服务,证监会行业分类,2026-07-28
002292,c24,C24文教、工美、体育和娱乐用品制造业,证监会行业分类,2026-07-28
002293,c17,C17纺织业,证监会行业分类,2026-07-28
002294,c27,C27医药制造业,证监会行业分类,2026-07-28
002295,c32,C32有色金属冶炼和压延加工业,证监会行业分类,2026-07-28
002296,c38,C38电气机械和器材制造业,证监会行业分类,2026-07-28
002297,c33,C33金属制品业,证监会行业分类,2026-07-28
002298,c38,C38电气机械和器材制造业,证监会行业分类,2026-07-28
002299,c13,C13农副食品加工业,证监会行业分类,2026-07-28
002300,c38,C38电气机械和器材制造业,证监会行业分类,2026-07-28
002301,c24,C24文教、工美、体育和娱乐用品制造业,证监会行业分类,2026-07-28
002302,c30,C30非金属矿物制品业,证监会行业分类,2026-07-28
002303,c22,C22造纸和纸制品业,证监会行业分类,2026-07-28
002304,c15,C15酒、饮料和精制茶制造业,证监会行业分类,2026-07-28
002305,k70,K70房地产业,证监会行业分类,2026-07-28
002306,h62,H62餐饮业,证监会行业分类,2026-07-28
002307,e48,E48土木工程建筑业,证监会行业分类,2026-07-28
002309,c38,C38电气机械和器材制造业,证监会行业分类,2026-07-28
002310,d44,D44电力、热力生产和供应业,证监会行业分类,2026-07-28
002311,c13,C13农副食品加工业,证监会行业分类,2026-07-28
002312,c26,C26化学原料和化学制品制造业,证监会行业分类,2026-07-28
002313,c39,C39计算机、通信和其他电子设备制造业,证监会行业分类,2026-07-28
002314,k70,K70房地产业,证监会行业分类,2026-07-28
002315,i64,I64互联网和相关服务,证监会行业分类,2026-07-28
002316,i65,I65软件和信息技术服务业,证监会行业分类,2026-07-28
002317,c27,C27医药制造业,证监会行业分类,2026-07-28
002318,c33,C33金属制品业,证监会行业分类,2026-07-28
002319,c26,C26化学原料和化学制品制造业,证监会行业分类,2026-07-28
002320,g55,G55水上运输业,证监会行业分类,2026-07-28
002321,a03,A03畜牧业,证监会行业分类,2026-07-28
002322,i65,I65软件和信息技术服务业,证监会行业分类,2026-07-28
002323,e50,E50建筑装饰、装修和其他建筑业,证监会行业分类,2026-07-28
002324,c29,C29橡胶和塑料制品业,证监会行业分类,2026-07-28
002326,c26,C26化学原料和化学制品制造业,证监会行业分类,2026-07-28
002327,c17,C17纺织业,证监会行业分类,2026-07-28
002328,c36,C36汽车制造业,证监会行业分类,2026-07-28
002329,c14,C14食品制造业,证监会行业分类,2026-07-28
002330,c13,C13农副食品加工业,证监会行业分类,2026-07-28
002331,i65,I65软件和信息技术服务业,证监会行业分类,2026-07-28
002332,c27,C27医药制造业,证监会行业分类,2026-07-28
002333,c32,C32有色金属冶炼和压延加工业,证监会行业分类,2026-07-28
002334,c38,C38电气机械和器材制造业,证监会行业分类,2026-07-28
002335,c38,C38电气机械和器材制造业,证监会行业分类,2026-07-28
002337,c35,C35专用设备制造业,证监会行业分类,2026-07-28
002338,c40,C40仪器仪表制造业,证监会行业分类,2026-07-28
002339,c38,C38电气机械和器材制造业,证监会行业分类,2026-07-28
002340,c42,C42废弃资源综合利用业,证监会行业分类,2026-07-28
002342,c33,C33金属制品业,证监会行业分类,2026-07-28
002343,r87,R87广播、电视、电影和录音制作业,证监会行业分类,2026-07-28
002344,l72,L72商务服务业,证监会行业分类,2026-07-28
002345,c24,C24文教、工美、体育和娱乐用品制造业,证监会行业分类,2026-07-28
002346,c38,C38电气机械和器材制造业,证监会行业分类,2026-07-28
002347,c34,C34通用设备制造业,证监会行业分类,2026-07-28
002348,c24,C24文教、工美、体育和娱乐用品制造业,证监会行业分类,2026-07-28
002349,c27,C27医药制造业,证监会行业分类,2026-07-28
002350,c38,C38电气机械和器材制造业,证监会行业分类,2026-07-28
002351,c39,C39计算机、通信和其他电子设备制造业,证监会行业分类,2026-07-28
002352,g60,G60邮政业,证监会行业分类,2026-07-28
002353,c35,C35专用设备制造业,证监会行业分类,2026-07-28
002354,i64,I64互联网和相关服务,证监会行业分类,2026-07-28
002355,c36,C36汽车制造业,证监会行业分类,2026-07-28
002356,f52,F52零售业,证监会行业分类,2026-07-28
002357,g54,G54道路运输业,证监会行业分类,2026-07-28
002358,c38,C38电气机械和器材制造业,证监会行业分类,2026-07-28
002360,c26,C26化学原料和化学制品制造业,证监会行业分类,2026-07-28
002361,c26,C26化学原料和化学制品制造业,证监会行业分类,2026-07-28
002362,c39,C39计算机、通信和其他电子设备制造业,证监会行业分类,2026-07-28
002363,c36,C36汽车制造业,证监会行业分类,2026-07-28
002364,c38,C38电气机械和器材制造业,证监会行业分类,2026-07-28
002365,c27,C27医药制造业,证监会行业分类,2026-07-28
002366,c35,C35专用设备制造业,证监会行业分类,2026-07-28
002367,c34,C34通用设备制造业,证监会行业分类,2026-07-28
002368,i65,I65软件和信息技术服务业,证监会行业分类,2026-07-28
002369,c39,C39计算机、通信和其他电子设备制造业,证监会行业分类,2026-07-28
002370,c27,C27医药制造业,证监会行业分类,2026-07-28
002371,c35,C35专用设备制造业,证监会行业分类,2026-07-28
002372,c29,C29橡胶和塑料制品业,证监会行业分类,2026-07-28
002373,i65,I65软件和信息技术服务业,证监会行业分类,2026-07-28
002374,c33,C33金属制品业,证监会行业分类,2026-07-28
002375,e50,E50建筑装饰、装修和其他建筑业,证监会行业分类,2026-07-28
002376,c39,C39计算机、通信和其他电子设备制造业,证监会行业分类,2026-07-28
002377,c25,C25石油、煤炭及其他燃料加工业,证监会行业分类,2026-07-28
002378,c32,C32有色金属冶炼和压延加工业,证监会行业分类,2026-07-28
002379,c32,C32有色金属冶炼和压延加工业,证监会行业分类,2026-07-28
002380,i65,I65软件和信息技术服务业,证监会行业分类,2026-07-28
002381,c29,C29橡胶和塑料制品业,证监会行业分类,2026-07-28
002382,c29,C29橡胶和塑料制品业,证监会行业分类,2026-07-28
002383,c39,C39计算机、通信和其他电子设备制造业,证监会行业分类,2026-07-28
002384,c39,C39计算机、通信和其他电子设备制造业,证监会行业分类,2026-07-28
002385,c13,C13农副食品加工业,证监会行业分类,2026-07-28
002386,c26,C26化学原料和化学制品制造业,证监会行业分类,2026-07-28
002387,c39,C39计算机、通信和其他电子设备制造业,证监会行业分类,2026-07-28
002388,c39,C39计算机、通信和其他电子设备制造业,证监会行业分类,2026-07-28
002389,c37,C37铁路、船舶、航空航天和其他运输设备制造业,证监会行业分类,2026-07-28
002390,f51,F51批发业,证监会行业分类,2026-07-28
002391,c26,C26化学原料和化学制品制造业,证监会行业分类,2026-07-28
002392,c30,C30非金属矿物制品业,证监会行业分类,2026-07-28
002393,c27,C27医药制造业,证监会行业分类,2026-07-28
002394,c17,C17纺织业,证监会行业分类,2026-07-28
002395,c29,C29橡胶和塑料制品业,证监会行业分类,2026-07-28
002396,c39,C39计算机、通信和其他电子设备制造业,证监会行业分类,2026-07-28
002397,c17,C17纺织业,证监会行业分类,2026-07-28
002398,c26,C26化学原料和化学制品制造业,证监会行业分类,2026-07-28
002399,c27,C27医药制造业,证监会行业分类,2026-07-28
002400,l72,L72商务服务业,证监会行业分类,2026-07-28
002401,i65,I65软件和信息技术服务业,证监会行业分类,2026-07-28
002402,c39,C39计算机、通信和其他电子设备制造业,证监会行业分类,2026-07-28
002403,c33,C33金属制品业,证监会行业分类,2026-07-28
002404,c18,C18纺织服装、服饰业,证监会行业分类,2026-07-28
002405,i65,I65软件和信息技术服务业,证监会行业分类,2026-07-28
002406,c36,C36汽车制造业,证监会行业分类,2026-07-28
002407,c26,C26化学原料和化学制品制造业,证监会行业分类,2026-07-28
002408,c26,C26化学原料和化学制品制造业,证监会行业分类,2026-07-28
002409,c26,C26化学原料和化学制品制造业,证监会行业分类,2026-07-28
002410,i65,I65软件和信息技术服务业,证监会行业分类,2026-07-28
002412,c27,C27医药制造业,证监会行业分类,2026-07-28
002413,c39,C39计算机、通信和其他电子设备制造业,证监会行业分类,2026-07-28
002414,c39,C39计算机、通信和其他电子设备制造业,证监会行业分类,2026-07-28
002415,c39,C39计算机、通信和其他电子设备制造业,证监会行业分类,2026-07-28
002416,f51,F51批发业,证监会行业分类,2026-07-28
002418,c34,C34通用设备制造业,证监会行业分类,2026-07-28
002419,f52,F52零售业,证监会行业分类,2026-07-28
002420,c29,C29橡胶和塑料制品业,证监会行业分类,2026-07-28
002421,i65,I65软件和信息技术服务业,证监会行业分类,2026-07-28
002422,c27,C27医药制造业,证监会行业分类,2026-07-28
002423,j68,J68保险业,证监会行业分类,2026-07-28
002424,c27,C27医药制造业,证监会行业分类,2026-07-28
002425,i64,I64互联网和相关服务,证监会行业分类,2026-07-28
002426,c39,C39计算机、通信和其他电子设备制造业,证监会行业分类,2026-07-28
002427,c28,C28化学纤维制造业,证监会行业分类,2026-07-28
002428,c32,C32有色金属冶炼和压延加工业,证监会行业分类,2026-07-28
002429,c39,C39计算机、通信和其他电子设备制造业,证监会行业分类,2026-07-28
002430,c35,C35专用设备制造业,证监会行业分类,2026-07-28
002431,e48,E48土木工程建筑业,证监会行业分类,2026-07-28
002432,c35,C35专用设备制造业,证监会行业分类,2026-07-28
002434,c36,C36汽车制造业,证监会行业分类,2026-07-28
002436,c39,C39计算机、通信和其他电子设备制造业,证监会行业分类,2026-07-28
002437,c27,C27医药制造业,证监会行业分类,2026-07-28
002438,c34,C34通用设备制造业,证监会行业分类,2026-07-28
002439,i65,I65软件和信息技术服务业,证监会行业分类,2026-07-28
002440,c26,C26化学原料和化学制品制造业,证监会行业分类,2026-07-28
002441,f51,F51批发业,证监会行业分类,2026-07-28
002442,c26,C26化学原料和化学制品制造业,证监会行业分类,2026-07-28
002443,c33,C33金属制品业,证监会行业分类,2026-07-28
002444,c33,C33金属制品业,证监会行业分类,2026-07-28
002445,c33,C33金属制品业,证监会行业分类,2026-07-28
002446,c39,C39计算机、通信和其他电子设备制造业,证监会行业分类,2026-07-28
002448,c36,C36汽车制造业,证监会行业分类,2026-07-28
002449,c39,C39计算机、通信和其他电子设备制造业,证监会行业分类,2026-07-28
002451,c38,C38电气机械和器材制造业,证监会行业分类,2026-07-28
002452,c38,C38电气机械和器材制造业,证监会行业分类,2026-07-28
002453,c26,C26化学原料和化学制品制造业,证监会行业分类,2026-07-28
002454,c36,C36汽车制造业,证监会行业分类,2026-07-28
002455,c26,C26化学原料和化学制品制造业,证监会行业分类,2026-07-28
002456,c39,C39计算机、通信和其他电子设备制造业,证监会行业分类,2026-07-28
002457,c30,C30非金属矿物制品业,证监会行业分类,2026-07-28
002458,a03,A03畜牧业,证监会行业分类,2026-07-28
002459,c38,C38电气机械和器材制造业,证监会行业分类,2026-07-28
002460,c32,C32有色金属冶炼和压延加工业,证监会行业分类,2026-07-28
002461,c15,C15酒、饮料和精制茶制造业,证监会行业分类,2026-07-28
002462,f51,F51批发业,证监会行业分类,2026-07-28
002463,c39,C39计算机、通信和其他电子设备制造业,证监会行业分类,2026-07-28
002465,c39,C39计算机、通信和其他电子设备制造业,证监会行业分类,2026-07-28
002466,c32,C32有色金属冶炼和压延加工业,证监会行业分类,2026-07-28
002467,i64,I64互联网和相关服务,证监会行业分类,2026-07-28
002468,g60,G60邮政业,证监会行业分类,2026-07-28
002469,c26,C26化学原料和化学制品制造业,证监会行业分类,2026-07-28
002470,c26,C26化学原料和化学制品制造业,证监会行业分类,2026-07-28
002471,c38,C38电气机械和器材制造业,证监会行业分类,2026-07-28
002472,c36,C36汽车制造业,证监会行业分类,2026-07-28
002474,i65,I65软件和信息技术服务业,证监会行业分类,2026-07-28
002475,c39,C39计算机、通信和其他电子设备制造业,证监会行业分类,2026-07-28
002476,c26,C26化学原料和化学制品制造业,证监会行业分类,2026-07-28
002478,c33,C33金属制品业,证监会行业分类,2026-07-28
002479,d44,D44电力、热力生产和供应业,证监会行业分类,2026-07-28
002480,c34,C34通用设备制造业,证监会行业分类,2026-07-28
002481,c14,C14食品制造业,证监会行业分类,2026-07-28
002482,e50,E50建筑装饰、装修和其他建筑业,证监会行业分类,2026-07-28
002483,c34,C34通用设备制造业,证监会行业分类,2026-07-28
002484,c39,C39计算机、通信和其他电子设备制造业,证监会行业分类,2026-07-28
002485,l72,L72商务服务业,证监会行业分类,2026-07-28
002486,c18,C18纺织服装、服饰业,证监会行业分类,2026-07-28
002487,c33,C33金属制品业,证监会行业分类,2026-07-28
002488,c36,C36汽车制造业,证监会行业分类,2026-07-28
002489,c21,C21家具制造业,证监会行业分类,2026-07-28
002490,c35,C35专用设备制造业,证监会行业分类,2026-07-28
002491,c38,C38电气机械和器材制造业,证监会行业分类,2026-07-28
002492,g59,G59装卸搬运和仓储业,证监会行业分类,2026-07-28
002493,c26,C26化学原料和化学制品制造业,证监会行业分类,2026-07-28
002494,c19,C19皮革、毛皮、羽毛及其制品和制鞋业,证监会行业分类,2026-07-28
002495,c14,C14食品制造业,证监会行业分类,2026-07-28
002496,c26,C26化学原料和化学制品制造业,证监会行业分类,2026-07-28
002497,c32,C32有色金属冶炼和压延加工业,证监会行业分类,2026-07-28
002498,c38,C38电气机械和器材制造业,证监会行业分类,2026-07-28
002500,j67,J67资本市场服务,证监会行业分类,2026-07-28
002501,c32,C32有色金属冶炼和压延加工业,证监会行业分类,2026-07-28
002506,c38,C38电气机械和器材制造业,证监会行业分类,2026-07-28
002507,c14,C14食品制造业,证监会行业分类,2026-07-28
002508,c38,C38电气机械和器材制造业,证监会行业分类,2026-07-28
002510,c36,C36汽车制造业,证监会行业分类,2026-07-28
002511,c22,C22造纸和纸制品业,证监会行业分类,2026-07-28
002512,c39,C39计算机、通信和其他电子设备制造业,证监会行业分类,2026-07-28
002513,c38,C38电气机械和器材制造业,证监会行业分类,2026-07-28
002514,c33,C33金属制品业,证监会行业分类,2026-07-28
002515,c13,C13农副食品加工业,证监会行业分类,2026-07-28
002516,c17,C17纺织业,证监会行业分类,2026-07-28
002517,i64,I64互联网和相关服务,证监会行业分类,2026-07-28
002518,c38,C38电气机械和器材制造业,证监会行业分类,2026-07-28
002519,c39,C39计算机、通信和其他电子设备制造业,证监会行业分类,2026-07-28
002520,c34,C34通用设备制造业,证监会行业分类,2026-07-28
002521,c22,C22造纸和纸制品业,证监会行业分类,2026-07-28
002522,c29,C29橡胶和塑料制品业,证监会行业分类,2026-07-28
002523,c34,C34通用设备制造业,证监会行业分类,2026-07-28
002524,q84,Q84卫生,证监会行业分类,2026-07-28
002526,c35,C35专用设备制造业,证监会行业分类,2026-07-28
002527,c34,C34通用设备制造业,证监会行业分类,2026-07-28
002528,c39,C39计算机、通信和其他电子设备制造业,证监会行业分类,2026-07-28
002529,c34,C34通用设备制造业,证监会行业分类,2026-07-28
002530,c33,C33金属制品业,证监会行业分类,2026-07-28
002531,c38,C38电气机械和器材制造业,证监会行业分类,2026-07-28
002532,c32,C32有色金属冶炼和压延加工业,证监会行业分类,2026-07-28
002533,c38,C38电气机械和器材制造业,证监会行业分类,2026-07-28
002534,c34,C34通用设备制造业,证监会行业分类,2026-07-28
002535,c35,C35专用设备制造业,证监会行业分类,2026-07-28
002536,c36,C36汽车制造业,证监会行业分类,2026-07-28
002537,c36,C36汽车制造业,证监会行业分类,2026-07-28
002538,c26,C26化学原料和化学制品制造业,证监会行业分类,2026-07-28
002539,c26,C26化学原料和化学制品制造业,证监会行业分类,2026-07-28
002540,c32,C32有色金属冶炼和压延加工业,证监会行业分类,2026-07-28
002541,c33,C33金属制品业,证监会行业分类,2026-07-28
002542,e48,E48土木工程建筑业,证监会行业分类,2026-07-28
002543,c38,C38电气机械和器材制造业,证监会行业分类,2026-07-28
002544,i65,I65软件和信息技术服务业,证监会行业分类,2026-07-28
002545,c26,C26化学原料和化学制品制造业,证监会行业分类,2026-07-28
002546,c40,C40仪器仪表制造业,证监会行业分类,2026-07-28
002547,c33,C33金属制品业,证监会行业分类,2026-07-28
002548,c13,C13农副食品加工业,证监会行业分类,2026-07-28
002549,n77,N77生态保护和环境治理业,证监会行业分类,2026-07-28
002550,c27,C27医药制造业,证监会行业分类,2026-07-28
002551,c35,C35专用设备制造业,证监会行业分类,2026-07-28
002552,c39,C39计算机、通信和其他电子设备制造业,证监会行业分类,2026-07-28
002553,c36,C36汽车制造业,证监会行业分类,2026-07-28
002554,b11,B11开采专业及辅助性活动,证监会行业分类,2026-07-28
002555,i64,I64互联网和相关服务,证监会行业分类,2026-07-28
002556,f52,F52零售业,证监会行业分类,2026-07-28
002557,c13,C13农副食品加工业,证监会行业分类,2026-07-28
002558,i64,I64互联网和相关服务,证监会行业分类,2026-07-28
002559,c34,C34通用设备制造业,证监会行业分类,2026-07-28
002560,c38,C38电气机械和器材制造业,证监会行业分类,2026-07-28
002561,f52,F52零售业,证监会行业分类,2026-07-28
002562,c27,C27医药制造业,证监会行业分类,2026-07-28
002563,c18,C18纺织服装、服饰业,证监会行业分类,2026-07-28
002564,c35,C35专用设备制造业,证监会行业分类,2026-07-28
002565,c22,C22造纸和纸制品业,证监会行业分类,2026-07-28
002566,c27,C27医药制造业,证监会行业分类,2026-07-28
002567,c13,C13农副食品加工业,证监会行业分类,2026-07-28
002568,c15,C15酒、饮料和精制茶制造业,证监会行业分类,2026-07-28
002569,c18,C18纺织服装、服饰业,证监会行业分类,2026-07-28
002570,c14,C14食品制造业,证监会行业分类,2026-07-28
002571,c30,C30非金属矿物制品业,证监会行业分类,2026-07-28
002572,c21,C21家具制造业,证监会行业分类,2026-07-28
002573,n77,N77生态保护和环境治理业,证监会行业分类,2026-07-28
002574,c24,C24文教、工美、体育和娱乐用品制造业,证监会行业分类,2026-07-28
002575,f51,F51批发业,证监会行业分类,2026-07-28
002576,c38,C38电气机械和器材制造业,证监会行业分类,2026-07-28
002577,c39,C39计算机、通信和其他电子设备制造业,证监会行业分类,2026-07-28
002578,c32,C32有色金属冶炼和压延加工业,证监会行业分类,2026-07-28
002579,c39,C39计算机、通信和其他电子设备制造业,证监会行业分类,2026-07-28
002580,c38,C38电气机械和器材制造业,证监会行业分类,2026-07-28
002581,c27,C27医药制造业,证监会行业分类,2026-07-28
002582,c13,C13农副食品加工业,证监会行业分类,2026-07-28
002583,c39,C39计算机、通信和其他电子设备制造业,证监会行业分类,2026-07-28
002584,c26,C26化学原料和化学制品制造业,证监会行业分类,2026-07-28
002585,c29,C29橡胶和塑料制品业,证监会行业分类,2026-07-28
002586,e48,E48土木工程建筑业,证监会行业分类,2026-07-28
002587,c39,C39计算机、通信和其他电子设备制造业,证监会行业分类,2026-07-28
002588,c26,C26化学原料和化学制品制造业,证监会行业分类,2026-07-28
002589,f51,F51批发业,证监会行业分类,2026-07-28
002590,c36,C36汽车制造业,证监会行业分类,2026-07-28
002591,c26,C26化学原料和化学制品制造业,证监会行业分类,2026-07-28
002592,c36,C36汽车制造业,证监会行业分类,2026-07-28
002593,c36,C36汽车制造业,证监会行业分类,2026-07-28
002594,c36,C36汽车制造业,证监会行业分类,2026-07-28
002595,c35,C35专用设备制造业,证监会行业分类,2026-07-28
002596,c30,C30非金属矿物制品业,证监会行业分类,2026-07-28
002597,c14,C14食品制造业,证监会行业分类,2026-07-28
002598,c34,C34通用设备制造业,证监会行业分类,2026-07-28
002599,c23,C23印刷和记录媒介复制业,证监会行业分类,2026-07-28
002600,c39,C39计算机、通信和其他电子设备制造业,证监会行业分类,2026-07-28
002601,c26,C26化学原料和化学制品制造业,证监会行业分类,2026-07-28
002602,i64,I64互联网和相关服务,证监会行业分类,2026-07-28
002603,c27,C27医药制造业,证监会行业分类,2026-07-28
002605,i64,I64互联网和相关服务,证监会行业分类,2026-07-28
002606,c38,C38电气机械和器材制造业,证监会行业分类,2026-07-28
002607,p83,P83教育,证监会行业分类,2026-07-28
002608,d44,D44电力、热力生产和供应业,证监会行业分类,2026-07-28
002609,i65,I65软件和信息技术服务业,证监会行业分类,2026-07-28
002611,c35,C35专用设备制造业,证监会行业分类,2026-07-28
002612,c18,C18纺织服装、服饰业,证监会行业分类,2026-07-28
002613,c35,C35专用设备制造业,证监会行业分类,2026-07-28
002614,c38,C38电气机械和器材制造业,证监会行业分类,2026-07-28
002615,c33,C33金属制品业,证监会行业分类,2026-07-28
002616,n77,N77生态保护和环境治理业,证监会行业分类,2026-07-28
002617,c38,C38电气机械和器材制造业,证监会行业分类,2026-07-28
002620,e50,E50建筑装饰、装修和其他建筑业,证监会行业分类,2026-07-28
002622,q84,Q84卫生,证监会行业分类,2026-07-28
002623,c30,C30非金属矿物制品业,证监会行业分类,2026-07-28
002624,i64,I64互联网和相关服务,证监会行业分类,2026-07-28
002625,c37,C37铁路、船舶、航空航天和其他运输设备制造业,证监会行业分类,2026-07-28
002626,c14,C14食品制造业,证监会行业分类,2026-07-28
002627,n78,N78公共设施管理业,证监会行业分类,2026-07-28
002628,e48,E48土木工程建筑业,证监会行业分类,2026-07-28
002629,b11,B11开采专业及辅助性活动,证监会行业分类,2026-07-28
002630,c34,C34通用设备制造业,证监会行业分类,2026-07-28
002631,c20,C20木材加工和木、竹、藤、棕、草制品业,证监会行业分类,2026-07-28
002632,c26,C26化学原料和化学制品制造业,证监会行业分类,2026-07-28
002633,c34,C34通用设备制造业,证监会行业分类,2026-07-28
002634,c18,C18纺织服装、服饰业,证监会行业分类,2026-07-28
002635,c39,C39计算机、通信和其他电子设备制造业,证监会行业分类,2026-07-28
002636,c39,C39计算机、通信和其他电子设备制造业,证监会行业分类,2026-07-28
002637,c26,C26化学原料和化学制品制造业,证监会行业分类,2026-07-28
002638,c38,C38电气机械和器材制造业,证监会行业分类,2026-07-28
002639,c34,C34通用设备制造业,证监会行业分类,2026-07-28
002640,f52,F52零售业,证监会行业分类,2026-07-28
002641,c29,C29橡胶和塑料制品业,证监会行业分类,2026-07-28
002642,i65,I65软件和信息技术服务业,证监会行业分类,2026-07-28
002643,c26,C26化学原料和化学制品制造业,证监会行业分类,2026-07-28
002644,c27,C27医药制造业,证监会行业分类,2026-07-28
002645,c42,C42废弃资源综合利用业,证监会行业分类,2026-07-28
002646,c15,C15酒、饮料和精制茶制造业,证监会行业分类,2026-07-28
002647,j69,J69其他金融业,证监会行业分类,2026-07-28
002648,c26,C26化学原料和化学制品制造业,证监会行业分类,2026-07-28
002649,i65,I65软件和信息技术服务业,证监会行业分类,2026-07-28
002650,c14,C14食品制造业,证监会行业分类,2026-07-28
002651,c35,C35专用设备制造业,证监会行业分类,2026-07-28
002652,c33,C33金属制品业,证监会行业分类,2026-07-28
002653,c27,C27医药制造业,证监会行业分类,2026-07-28
002654,l72,L72商务服务业,证监会行业分类,2026-07-28
002655,c39,C39计算机、通信和其他电子设备制造业,证监会行业分类,2026-07-28
002656,c18,C18纺织服装、服饰业,证监会行业分类,2026-07-28
002657,i65,I65软件和信息技术服务业,证监会行业分类,2026-07-28
002658,c40,C40仪器仪表制造业,证监会行业分类,2026-07-28
002659,p83,P83教育,证监会行业分类,2026-07-28
002660,c39,C39计算机、通信和其他电子设备制造业,证监会行业分类,2026-07-28
002661,c14,C14食品制造业,证监会行业分类,2026-07-28
002662,c36,C36汽车制造业,证监会行业分类,2026-07-28
002663,e48,E48土木工程建筑业,证监会行业分类,2026-07-28
002664,c36,C36汽车制造业,证监会行业分类,2026-07-28
002666,c26,C26化学原料和化学制品制造业,证监会行业分类,2026-07-28
002667,c32,C32有色金属冶炼和压延加工业,证监会行业分类,2026-07-28
002668,c38,C38电气机械和器材制造业,证监会行业分类,2026-07-28
002669,c26,C26化学原料和化学制品制造业,证监会行业分类,2026-07-28
002670,j67,J67资本市场服务,证监会行业分类,2026-07-28
002671,c30,C30非金属矿物制品业,证监会行业分类,2026-07-28
002672,c42,C42废弃资源综合利用业,证监会行业分类,2026-07-28
002673,j67,J67资本市场服务,证监会行业分类,2026-07-28
002674,c19,C19皮革、毛皮、羽毛及其制品和制鞋业,证监会行业分类,2026-07-28
002675,c27,C27医药制造业,证监会行业分类,2026-07-28
002676,c29,C29橡胶和塑料制品业,证监会行业分类,2026-07-28
002677,c38,C38电气机械和器材制造业,证监会行业分类,2026-07-28
002678,c24,C24文教、工美、体育和娱乐用品制造业,证监会行业分类,2026-07-28
002679,a02,A02林业,证监会行业分类,2026-07-28
002681,c39,C39计算机、通信和其他电子设备制造业,证监会行业分类,2026-07-28
002682,g54,G54道路运输业,证监会行业分类,2026-07-28
002683,b11,B11开采专业及辅助性活动,证监会行业分类,2026-07-28
002685,c34,C34通用设备制造业,证监会行业分类,2026-07-28
002686,c34,C34通用设备制造业,证监会行业分类,2026-07-28
002687,c18,C18纺织服装、服饰业,证监会行业分类,2026-07-28
002688,c27,C27医药制造业,证监会行业分类,2026-07-28
002689,c34,C34通用设备制造业,证监会行业分类,2026-07-28
002690,c35,C35专用设备制造业,证监会行业分类,2026-07-28
002691,c35,C35专用设备制造业,证监会行业分类,2026-07-28
002692,c38,C38电气机械和器材制造业,证监会行业分类,2026-07-28
002693,c27,C27医药制造业,证监会行业分类,2026-07-28
002694,c29,C29橡胶和塑料制品业,证监会行业分类,2026-07-28
002695,c13,C13农副食品加工业,证监会行业分类,2026-07-28
002696,c13,C13农副食品加工业,证监会行业分类,2026-07-28
002697,f52,F52零售业,证监会行业分类,2026-07-28
002698,c34,C34通用设备制造业,证监会行业分类,2026-07-28
002700,d45,D45燃气生产和供应业,证监会行业分类,2026-07-28
002701,c33,C33金属制品业,证监会行业分类,2026-07-28
002702,c13,C13农副食品加工业,证监会行业分类,2026-07-28
002703,c36,C36汽车制造业,证监会行业分类,2026-07-28
002705,c38,C38电气机械和器材制造业,证监会行业分类,2026-07-28
002706,c38,C38电气机械和器材制造业,证监会行业分类,2026-07-28
002707,l72,L72商务服务业,证监会行业分类,2026-07-28
002708,c36,C36汽车制造业,证监会行业分类,2026-07-28
002709,c39,C39计算机、通信和其他电子设备制造业,证监会行业分类,2026-07-28
002712,l72,L72商务服务业,证监会行业分类,2026-07-28
002713,e50,E50建筑装饰、装修和其他建筑业,证监会行业分类,2026-07-28
002714,a03,A03畜牧业,证监会行业分类,2026-07-28
002715,c36,C36汽车制造业,证监会行业分类,2026-07-28
002716,c32,C32有色金属冶炼和压延加工业,证监会行业分类,2026-07-28
002717,n77,N77生态保护和环境治理业,证监会行业分类,2026-07-28
002718,c41,C41其他制造业,证监会行业分类,2026-07-28
002719,c14,C14食品制造业,证监会行业分类,2026-07-28
002721,c24,C24文教、工美、体育和娱乐用品制造业,证监会行业分类,2026-07-28
002722,c33,C33金属制品业,证监会行业分类,2026-07-28
002723,c38,C38电气机械和器材制造业,证监会行业分类,2026-07-28
002724,c38,C38电气机械和器材制造业,证监会行业分类,2026-07-28
002725,c36,C36汽车制造业,证监会行业分类,2026-07-28
002726,c13,C13农副食品加工业,证监会行业分类,2026-07-28
002727,f52,F52零售业,证监会行业分类,2026-07-28
002728,c27,C27医药制造业,证监会行业分类,2026-07-28
002729,c39,C39计算机、通信和其他电子设备制造业,证监会行业分类,2026-07-28
002730,c35,C35专用设备制造业,证监会行业分类,2026-07-28
002731,c24,C24文教、工美、体育和娱乐用品制造业,证监会行业分类,2026-07-28
002732,c14,C14食品制造业,证监会行业分类,2026-07-28
002733,c38,C38电气机械和器材制造业,证监会行业分类,2026-07-28
002734,c26,C26化学原料和化学制品制造业,证监会行业分类,2026-07-28
002735,c29,C29橡胶和塑料制品业,证监会行业分类,2026-07-28
002736,j67,J67资本市场服务,证监会行业分类,2026-07-28
002737,c27,C27医药制造业,证监会行业分类,2026-07-28
002738,c32,C32有色金属冶炼和压延加工业,证监会行业分类,2026-07-28
002739,r87,R87广播、电视、电影和录音制作业,证监会行业分类,2026-07-28
002741,c39,C39计算机、通信和其他电子设备制造业,证监会行业分类,2026-07-28
002742,c30,C30非金属矿物制品业,证监会行业分类,2026-07-28
002743,c33,C33金属制品业,证监会行业分类,2026-07-28
002745,c38,C38电气机械和器材制造业,证监会行业分类,2026-07-28
002746,c13,C13农副食品加工业,证监会行业分类,2026-07-28
002747,c34,C34通用设备制造业,证监会行业分类,2026-07-28
002748,c26,C26化学原料和化学制品制造业,证监会行业分类,2026-07-28
002749,c26,C26化学原料和化学制品制造业,证监会行业分类,2026-07-28
002752,c33,C33金属制品业,证监会行业分类,2026-07-28
002753,c26,C26化学原料和化学制品制造业,证监会行业分类,2026-07-28
002755,c27,C27医药制造业,证监会行业分类,2026-07-28
002756,c32,C32有色金属冶炼和压延加工业,证监会行业分类,2026-07-28
002757,c35,C35专用设备制造业,证监会行业分类,2026-07-28
002758,f51,F51批发业,证监会行业分类,2026-07-28
002759,c26,C26化学原料和化学制品制造业,证监会行业分类,2026-07-28
002760,c33,C33金属制品业,证监会行业分类,2026-07-28
002761,e48,E48土木工程建筑业,证监会行业分类,2026-07-28
002762,c18,C18纺织服装、服饰业,证监会行业分类,2026-07-28
002763,c18,C18纺织服装、服饰业,证监会行业分类,2026-07-28
002765,c36,C36汽车制造业,证监会行业分类,2026-07-28
002766,c39,C39计算机、通信和其他电子设备制造业,证监会行业分类,2026-07-28
002767,c40,C40仪器仪表制造业,证监会行业分类,2026-07-28
002768,c29,C29橡胶和塑料制品业,证监会行业分类,2026-07-28
002769,l72,L72商务服务业,证监会行业分类,2026-07-28
002771,i65,I65软件和信息技术服务业,证监会行业分类,2026-07-28
002772,a01,A01农业,证监会行业分类,2026-07-28
002773,c27,C27医药制造业,证监会行业分类,2026-07-28
002774,c34,C34通用设备制造业,证监会行业分类,2026-07-28
002775,e48,E48土木工程建筑业,证监会行业分类,2026-07-28
002777,i65,I65软件和信息技术服务业,证监会行业分类,2026-07-28
002778,c25,C25石油、煤炭及其他燃料加工业,证监会行业分类,2026-07-28
002779,c35,C35专用设备制造业,证监会行业分类,2026-07-28
002780,f52,F52零售业,证监会行业分类,2026-07-28
002782,c39,C39计算机、通信和其他电子设备制造业,证监会行业分类,2026-07-28
002783,c26,C26化学原料和化学制品制造业,证监会行业分类,2026-07-28
002785,c30,C30非金属矿物制品业,证监会行业分类,2026-07-28
002786,c35,C35专用设备制造业,证监会行业分类,2026-07-28
002787,c33,C33金属制品业,证监会行业分类,2026-07-28
002788,f51,F51批发业,证监会行业分类,2026-07-28
002789,e50,E50建筑装饰、装修和其他建筑业,证监会行业分类,2026-07-28
002790,c29,C29橡胶和塑料制品业,证监会行业分类,2026-07-28
002791,c33,C33金属制品业,证监会行业分类,2026-07-28
002792,c39,C39计算机、通信和其他电子设备制造业,证监会行业分类,2026-07-28
002793,c27,C27医药制造业,证监会行业分类,2026-07-28
002795,c34,C34通用设备制造业,证监会行业分类,2026-07-28
002796,c39,C39计算机、通信和其他电子设备制造业,证监会行业分类,2026-07-28
002797,j67,J67资本市场服务,证监会行业分类,2026-07-28
002798,c30,C30非金属矿物制品业,证监会行业分类,2026-07-28
002799,c22,C22造纸和纸制品业,证监会行业分类,2026-07-28
002800,g54,G54道路运输业,证监会行业分类,2026-07-28
002801,c38,C38电气机械和器材制造业,证监会行业分类,2026-07-28
002802,c26,C26化学原料和化学制品制造业,证监会行业分类,2026-07-28
002803,f52,F52零售业,证监会行业分类,2026-07-28
002805,c39,C39计算机、通信和其他电子设备制造业,证监会行业分类,2026-07-28
002806,c39,C39计算机、通信和其他电子设备制造业,证监会行业分类,2026-07-28
002807,j66,J66货币金融服务,证监会行业分类,2026-07-28
002809,c26,C26化学原料和化学制品制造业,证监会行业分类,2026-07-28
002810,c26,C26化学原料和化学制品制造业,证监会行业分类,2026-07-28
002811,m74,M74专业技术服务业,证监会行业分类,2026-07-28
002812,c29,C29橡胶和塑料制品业,证监会行业分类,2026-07-28
002813,c39,C39计算机、通信和其他电子设备制造业,证监会行业分类,2026-07-28
002815,c39,C39计算机、通信和其他电子设备制造业,证监会行业分类,2026-07-28
002816,c34,C34通用设备制造业,证监会行业分类,2026-07-28
002817,c27,C27医药制造业,证监会行业分类,2026-07-28
002818,l72,L72商务服务业,证监会行业分类,2026-07-28
002819,f51,F51批发业,证监会行业分类,2026-07-28
002820,c14,C14食品制造业,证监会行业分类,2026-07-28
002821,c27,C27医药制造业,证监会行业分类,2026-07-28
002822,e50,E50建筑装饰、装修和其他建筑业,证监会行业分类,2026-07-28
002823,c38,C38电气机械和器材制造业,证监会行业分类,2026-07-28
002824,c36,C36汽车制造业,证监会行业分类,2026-07-28
002825,c29,C29橡胶和塑料制品业,证监会行业分类,2026-07-28
002826,c27,C27医药制造业,证监会行业分类,2026-07-28
002827,c26,C26化学原料和化学制品制造业,证监会行业分类,2026-07-28
002828,b11,B11开采专业及辅助性活动,证监会行业分类,2026-07-28
002829,c37,C37铁路、船舶、航空航天和其他运输设备制造业,证监会行业分类,2026-07-28
002830,e50,E50建筑装饰、装修和其他建筑业,证监会行业分类,2026-07-28
002831,c22,C22造纸和纸制品业,证监会行业分类,2026-07-28
002832,c18,C18纺织服装、服饰业,证监会行业分类,2026-07-28
002833,c35,C35专用设备制造业,证监会行业分类,2026-07-28
002835,c39,C39计算机、通信和其他电子设备制造业,证监会行业分类,2026-07-28
002836,c23,C23印刷和记录媒介复制业,证监会行业分类,2026-07-28
002837,c35,C35专用设备制造业,证监会行业分类,2026-07-28
002838,c29,C29橡胶和塑料制品业,证监会行业分类,2026-07-28
002839,j66,J66货币金融服务,证监会行业分类,2026-07-28
002840,c13,C13农副食品加工业,证监会行业分类,2026-07-28
002841,c39,C39计算机、通信和其他电子设备制造业,证监会行业分类,2026-07-28
002842,c32,C32有色金属冶炼和压延加工业,证监会行业分类,2026-07-28
002843,c34,C34通用设备制造业,证监会行业分类,2026-07-28
002845,c39,C39计算机、通信和其他电子设备制造业,证监会行业分类,2026-07-28
002846,c33,C33金属制品业,证监会行业分类,2026-07-28
002847,c14,C14食品制造业,证监会行业分类,2026-07-28
002848,c39,C39计算机、通信和其他电子设备制造业,证监会行业分类,2026-07-28
002849,c40,C40仪器仪表制造业,证监会行业分类,2026-07-28
002850,c33,C33金属制品业,证监会行业分类,2026-07-28
002851,c38,C38电气机械和器材制造业,证监会行业分类,2026-07-28
002852,c13,C13农副食品加工业,证监会行业分类,2026-07-28
002853,c21,C21家具制造业,证监会行业分类,2026-07-28
002855,c39,C39计算机、通信和其他电子设备制造业,证监会行业分类,2026-07-28
002856,e50,E50建筑装饰、装修和其他建筑业,证监会行业分类,2026-07-28
002857,c40,C40仪器仪表制造业,证监会行业分类,2026-07-28
002858,r89,R89体育,证监会行业分类,2026-07-28
002859,c39,C39计算机、通信和其他电子设备制造业,证监会行业分类,2026-07-28
002860,c38,C38电气机械和器材制造业,证监会行业分类,2026-07-28
002861,c39,C39计算机、通信和其他电子设备制造业,证监会行业分类,2026-07-28
002862,c24,C24文教、工美、体育和娱乐用品制造业,证监会行业分类,2026-07-28
002863,c36,C36汽车制造业,证监会行业分类,2026-07-28
002864,c27,C27医药制造业,证监会行业分类,2026-07-28
002865,c38,C38电气机械和器材制造业,证监会行业分类,2026-07-28
002866,c39,C39计算机、通信和其他电子设备制造业,证监会行业分类,2026-07-28
002867,f51,F51批发业,证监会行业分类,2026-07-28
002868,c27,C27医药制造业,证监会行业分类,2026-07-28
002869,c39,C39计算机、通信和其他电子设备制造业,证监会行业分类,2026-07-28
002870,c36,C36汽车制造业,证监会行业分类,2026-07-28
002871,c34,C34通用设备制造业,证监会行业分类,2026-07-28
002872,c27,C27医药制造业,证监会行业分类,2026-07-28
002873,c27,C27医药制造业,证监会行业分类,2026-07-28
002875,c18,C18纺织服装、服饰业,证监会行业分类,2026-07-28
002876,c39,C39计算机、通信和其他电子设备制造业,证监会行业分类,2026-07-28
002877,c34,C34通用设备制造业,证监会行业分类,2026-07-28
002878,l72,L72商务服务业,证监会行业分类,2026-07-28
002879,c38,C38电气机械和器材制造业,证监会行业分类,2026-07-28
002880,c27,C27医药制造业,证监会行业分类,2026-07-28
002881,c39,C39计算机、通信和其他电子设备制造业,证监会行业分类,2026-07-28
002882,c38,C38电气机械和器材制造业,证监会行业分类,2026-07-28
002883,m74,M74专业技术服务业,证监会行业分类,2026-07-28
002884,c34,C34通用设备制造业,证监会行业分类,2026-07-28
002885,c39,C39计算机、通信和其他电子设备制造业,证监会行业分类,2026-07-28
002886,c29,C29橡胶和塑料制品业,证监会行业分类,2026-07-28
002887,n77,N77生态保护和环境治理业,证监会行业分类,2026-07-28
002888,c39,C39计算机、通信和其他电子设备制造业,证监会行业分类,2026-07-28
002889,l72,L72商务服务业,证监会行业分类,2026-07-28
002890,c35,C35专用设备制造业,证监会行业分类,2026-07-28
002891,c13,C13农副食品加工业,证监会行业分类,2026-07-28
002892,c38,C38电气机械和器材制造业,证监会行业分类,2026-07-28
002893,d44,D44电力、热力生产和供应业,证监会行业分类,2026-07-28
002895,c26,C26化学原料和化学制品制造业,证监会行业分类,2026-07-28
002896,c34,C34通用设备制造业,证监会行业分类,2026-07-28
002897,c38,C38电气机械和器材制造业,证监会行业分类,2026-07-28
002899,c24,C24文教、工美、体育和娱乐用品制造业,证监会行业分类,2026-07-28
002900,c27,C27医药制造业,证监会行业分类,2026-07-28
002901,c35,C35专用设备制造业,证监会行业分类,2026-07-28
002902,c39,C39计算机、通信和其他电子设备制造业,证监会行业分类,2026-07-28
002903,c34,C34通用设备制造业,证监会行业分类,2026-07-28
002905,r87,R87广播、电视、电影和录音制作业,证监会行业分类,2026-07-28
002906,c39,C39计算机、通信和其他电子设备制造业,证监会行业分类,2026-07-28
002907,c27,C27医药制造业,证监会行业分类,2026-07-28
002908,i65,I65软件和信息技术服务业,证监会行业分类,2026-07-28
002909,c26,C26化学原料和化学制品制造业,证监会行业分类,2026-07-28
002910,c14,C14食品制造业,证监会行业分类,2026-07-28
002911,d45,D45燃气生产和供应业,证监会行业分类,2026-07-28
002912,i65,I65软件和信息技术服务业,证监会行业分类,2026-07-28
002913,c39,C39计算机、通信和其他电子设备制造业,证监会行业分类,2026-07-28
002915,c26,C26化学原料和化学制品制造业,证监会行业分类,2026-07-28
002916,c39,C39计算机、通信和其他电子设备制造业,证监会行业分类,2026-07-28
002917,c26,C26化学原料和化学制品制造业,证监会行业分类,2026-07-28
002918,c30,C30非金属矿物制品业,证监会行业分类,2026-07-28
002919,i64,I64互联网和相关服务,证监会行业分类,2026-07-28
002920,c39,C39计算机、通信和其他电子设备制造业,证监会行业分类,2026-07-28
002921,c34,C34通用设备制造业,证监会行业分类,2026-07-28
002922,c38,C38电气机械和器材制造业,证监会行业分类,2026-07-28
002923,c27,C27医药制造业,证监会行业分类,2026-07-28
002925,c39,C39计算机、通信和其他电子设备制造业,证监会行业分类,2026-07-28
002926,j67,J67资本市场服务,证监会行业分类,2026-07-28
002927,c38,C38电气机械和器材制造业,证监会行业分类,2026-07-28
002928,g56,G56航空运输业,证监会行业分类,2026-07-28
002929,i65,I65软件和信息技术服务业,证监会行业分类,2026-07-28
002930,g59,G59装卸搬运和仓储业,证监会行业分类,2026-07-28
002931,c35,C35专用设备制造业,证监会行业分类,2026-07-28
002932,c27,C27医药制造业,证监会行业分类,2026-07-28
002933,c37,C37铁路、船舶、航空航天和其他运输设备制造业,证监会行业分类,2026-07-28
002935,c39,C39计算机、通信和其他电子设备制造业,证监会行业分类,2026-07-28
002936,j66,J66货币金融服务,证监会行业分类,2026-07-28
002937,c39,C39计算机、通信和其他电子设备制造业,证监会行业分类,2026-07-28
002938,c39,C39计算机、通信和其他电子设备制造业,证监会行业分类,2026-07-28
002939,j67,J67资本市场服务,证监会行业分类,2026-07-28
002940,c27,C27医药制造业,证监会行业分类,2026-07-28
002941,e48,E48土木工程建筑业,证监会行业分类,2026-07-28
002942,c26,C26化学原料和化学制品制造业,证监会行业分类,2026-07-28
002943,c34,C34通用设备制造业,证监会行业分类,2026-07-28
002945,j67,J67资本市场服务,证监会行业分类,2026-07-28
002946,c14,C14食品制造业,证监会行业分类,2026-07-28
002947,c39,C39计算机、通信和其他电子设备制造业,证监会行业分类,2026-07-28
002948,j66,J66货币金融服务,证监会行业分类,2026-07-28
002949,m74,M74专业技术服务业,证监会行业分类,2026-07-28
002950,c27,C27医药制造业,证监会行业分类,2026-07-28
002951,c23,C23印刷和记录媒介复制业,证监会行业分类,2026-07-28
002952,c39,C39计算机、通信和其他电子设备制造业,证监会行业分类,2026-07-28
002953,c38,C38电气机械和器材制造业,证监会行业分类,2026-07-28
002955,c39,C39计算机、通信和其他电子设备制造业,证监会行业分类,2026-07-28
002956,c14,C14食品制造业,证监会行业分类,2026-07-28
002957,c35,C35专用设备制造业,证监会行业分类,2026-07-28
002958,j66,J66货币金融服务,证监会行业分类,2026-07-28
002959,c38,C38电气机械和器材制造业,证监会行业分类,2026-07-28
002960,c39,C39计算机、通信和其他电子设备制造业,证监会行业分类,2026-07-28
002961,j67,J67资本市场服务,证监会行业分类,2026-07-28
002962,c39,C39计算机、通信和其他电子设备制造业,证监会行业分类,2026-07-28
002963,e50,E50建筑装饰、装修和其他建筑业,证监会行业分类,2026-07-28
002965,c36,C36汽车制造业,证监会行业分类,2026-07-28
002966,j66,J66货币金融服务,证监会行业分类,2026-07-28
002967,m74,M74专业技术服务业,证监会行业分类,2026-07-28
002968,k70,K70房地产业,证监会行业分类,2026-07-28
002969,c33,C33金属制品业,证监会行业分类,2026-07-28
002970,i65,I65软件和信息技术服务业,证监会行业分类,2026-07-28
002971,c26,C26化学原料和化学制品制造业,证监会行业分类,2026-07-28
002972,c39,C39计算机、通信和其他电子设备制造业,证监会行业分类,2026-07-28
002973,n78,N78公共设施管理业,证监会行业分类,2026-07-28
002975,c35,C35专用设备制造业,证监会行业分类,2026-07-28
002976,c33,C33金属制品业,证监会行业分类,2026-07-28
002977,c39,C39计算机、通信和其他电子设备制造业,证监会行业分类,2026-07-28
002978,b09,B09有色金属矿采选业,证监会行业分类,2026-07-28
002979,c40,C40仪器仪表制造业,证监会行业分类,2026-07-28
002980,c40,C40仪器仪表制造业,证监会行业分类,2026-07-28
002981,c39,C39计算机、通信和其他电子设备制造业,证监会行业分类,2026-07-28
002982,a03,A03畜牧业,证监会行业分类,2026-07-28
002983,c39,C39计算机、通信和其他电子设备制造业,证监会行业分类,2026-07-28
002984,c29,C29橡胶和塑料制品业,证监会行业分类,2026-07-28
002985,c37,C37铁路、船舶、航空航天和其他运输设备制造业,证监会行业分类,2026-07-28
002986,c26,C26化学原料和化学制品制造业,证监会行业分类,2026-07-28
002987,i65,I65软件和信息技术服务业,证监会行业分类,2026-07-28
002988,c32,C32有色金属冶炼和压延加工业,证监会行业分类,2026-07-28
002989,e50,E50建筑装饰、装修和其他建筑业,证监会行业分类,2026-07-28
002990,i65,I65软件和信息技术服务业,证监会行业分类,2026-07-28
002991,c13,C13农副食品加工业,证监会行业分类,2026-07-28
002992,c39,C39计算机、通信和其他电子设备制造业,证监会行业分类,2026-07-28
002993,c39,C39计算机、通信和其他电子设备制造业,证监会行业分类,2026-07-28
002995,l72,L72商务服务业,证监会行业分类,2026-07-28
002996,c42,C42废弃资源综合利用业,证监会行业分类,2026-07-28
002997,c35,C35专用设备制造业,证监会行业分类,2026-07-28
002998,c28,C28化学纤维制造业,证监会行业分类,2026-07-28
002999,f52,F52零售业,证监会行业分类,2026-07-28
003000,c13,C13农副食品加工业,证监会行业分类,2026-07-28
003001,e48,E48土木工程建筑业,证监会行业分类,2026-07-28
003002,c26,C26化学原料和化学制品制造业,证监会行业分类,2026-07-28
003003,c23,C23印刷和记录媒介复制业,证监会行业分类,2026-07-28
003004,i65,I65软件和信息技术服务业,证监会行业分类,2026-07-28
003005,i65,I65软件和信息技术服务业,证监会行业分类,2026-07-28
003006,c22,C22造纸和纸制品业,证监会行业分类,2026-07-28
003007,i65,I65软件和信息技术服务业,证监会行业分类,2026-07-28
003008,m74,M74专业技术服务业,证监会行业分类,2026-07-28
003009,c37,C37铁路、船舶、航空航天和其他运输设备制造业,证监会行业分类,2026-07-28
003010,i64,I64互联网和相关服务,证监会行业分类,2026-07-28
003011,c29,C29橡胶和塑料制品业,证监会行业分类,2026-07-28
003012,c30,C30非金属矿物制品业,证监会行业分类,2026-07-28
003013,m74,M74专业技术服务业,证监会行业分类,2026-07-28
003015,c39,C39计算机、通信和其他电子设备制造业,证监会行业分类,2026-07-28
003016,c18,C18纺织服装、服饰业,证监会行业分类,2026-07-28
003017,c26,C26化学原料和化学制品制造业,证监会行业分类,2026-07-28
003018,c29,C29橡胶和塑料制品业,证监会行业分类,2026-07-28
003019,c39,C39计算机、通信和其他电子设备制造业,证监会行业分类,2026-07-28
003020,c27,C27医药制造业,证监会行业分类,2026-07-28
003021,c38,C38电气机械和器材制造业,证监会行业分类,2026-07-28
003022,c26,C26化学原料和化学制品制造业,证监会行业分类,2026-07-28
003023,c38,C38电气机械和器材制造业,证监会行业分类,2026-07-28
003025,c34,C34通用设备制造业,证监会行业分类,2026-07-28
003026,c39,C39计算机、通信和其他电子设备制造业,证监会行业分类,2026-07-28
003027,n77,N77生态保护和环境治理业,证监会行业分类,2026-07-28
003028,c39,C39计算机、通信和其他电子设备制造业,证监会行业分类,2026-07-28
003029,i65,I65软件和信息技术服务业,证监会行业分类,2026-07-28
003030,c13,C13农副食品加工业,证监会行业分类,2026-07-28
003031,c39,C39计算机、通信和其他电子设备制造业,证监会行业分类,2026-07-28
003032,p83,P83教育,证监会行业分类,2026-07-28
003033,c37,C37铁路、船舶、航空航天和其他运输设备制造业,证监会行业分类,2026-07-28
003035,m75,M75科技推广和应用服务业,证监会行业分类,2026-07-28
003036,c35,C35专用设备制造业,证监会行业分类,2026-07-28
003037,c30,C30非金属矿物制品业,证监会行业分类,2026-07-28
003038,c32,C32有色金属冶炼和压延加工业,证监会行业分类,2026-07-28
003039,d46,D46水的生产和供应业,证监会行业分类,2026-07-28
003040,c39,C39计算机、通信和其他电子设备制造业,证监会行业分类,2026-07-28
003041,c17,C17纺织业,证监会行业分类,2026-07-28
003042,c26,C26化学原料和化学制品制造业,证监会行业分类,2026-07-28
003043,c33,C33金属制品业,证监会行业分类,2026-07-28
003816,d44,D44电力、热力生产和供应业,证监会行业分类,2026-07-28
300001,c38,C38电气机械和器材制造业,证监会行业分类,2026-07-28
300002,i64,I64互联网和相关服务,证监会行业分类,2026-07-28
300003,c35,C35专用设备制造业,证监会行业分类,2026-07-28
300004,c34,C34通用设备制造业,证监会行业分类,2026-07-28
300005,c18,C18纺织服装、服饰业,证监会行业分类,2026-07-28
300006,c27,C27医药制造业,证监会行业分类,2026-07-28
300007,i65,I65软件和信息技术服务业,证监会行业分类,2026-07-28
300008,c37,C37铁路、船舶、航空航天和其他运输设备制造业,证监会行业分类,2026-07-28
300009,c27,C27医药制造业,证监会行业分类,2026-07-28
300010,i65,I65软件和信息技术服务业,证监会行业分类,2026-07-28
300011,c37,C37铁路、船舶、航空航天和其他运输设备制造业,证监会行业分类,2026-07-28
300012,m74,M74专业技术服务业,证监会行业分类,2026-07-28
300013,g59,G59装卸搬运和仓储业,证监会行业分类,2026-07-28
300014,c38,C38电气机械和器材制造业,证监会行业分类,2026-07-28
300015,q84,Q84卫生,证监会行业分类,2026-07-28
300016,c27,C27医药制造业,证监会行业分类,2026-07-28
300017,i65,I65软件和信息技术服务业,证监会行业分类,2026-07-28
300018,c38,C38电气机械和器材制造业,证监会行业分类,2026-07-28
300019,c26,C26化学原料和化学制品制造业,证监会行业分类,2026-07-28
300020,i65,I65软件和信息技术服务业,证监会行业分类,2026-07-28
300021,n76,N76水利管理业,证监会行业分类,2026-07-28
300022,f51,F51批发业,证监会行业分类,2026-07-28
300024,c34,C34通用设备制造业,证监会行业分类,2026-07-28
300025,i65,I65软件和信息技术服务业,证监会行业分类,2026-07-28
300026,c27,C27医药制造业,证监会行业分类,2026-07-28
300027,r87,R87广播、电视、电影和录音制作业,证监会行业分类,2026-07-28
300030,c35,C35专用设备制造业,证监会行业分类,2026-07-28
300031,i64,I64互联网和相关服务,证监会行业分类,2026-07-28
300032,c38,C38电气机械和器材制造业,证监会行业分类,2026-07-28
300033,j69,J69其他金融业,证监会行业分类,2026-07-28
300034,c32,C32有色金属冶炼和压延加工业,证监会行业分类,2026-07-28
300035,c39,C39计算机、通信和其他电子设备制造业,证监会行业分类,2026-07-28
300036,i65,I65软件和信息技术服务业,证监会行业分类,2026-07-28
300037,c39,C39计算机、通信和其他电子设备制造业,证监会行业分类,2026-07-28
300039,c27,C27医药制造业,证监会行业分类,2026-07-28
300040,d44,D44电力、热力生产和供应业,证监会行业分类,2026-07-28
300041,c26,C26化学原料和化学制品制造业,证监会行业分类,2026-07-28
300042,c39,C39计算机、通信和其他电子设备制造业,证监会行业分类,2026-07-28
300043,i64,I64互联网和相关服务,证监会行业分类,2026-07-28
300044,i65,I65软件和信息技术服务业,证监会行业分类,2026-07-28
300045,c39,C39计算机、通信和其他电子设备制造业,证监会行业分类,2026-07-28
300046,c39,C39计算机、通信和其他电子设备制造业,证监会行业分类,2026-07-28
300047,i65,I65软件和信息技术服务业,证监会行业分类,2026-07-28
300048,c38,C38电气机械和器材制造业,证监会行业分类,2026-07-28
300049,c35,C35专用设备制造业,证监会行业分类,2026-07-28
300050,i65,I65软件和信息技术服务业,证监会行业分类,2026-07-28
300051,i65,I65软件和信息技术服务业,证监会行业分类,2026-07-28
300052,i64,I64互联网和相关服务,证监会行业分类,2026-07-28
300053,c39,C39计算机、通信和其他电子设备制造业,证监会行业分类,2026-07-28
300054,c39,C39计算机、通信和其他电子设备制造业,证监会行业分类,2026-07-28
300055,c26,C26化学原料和化学制品制造业,证监会行业分类,2026-07-28
300056,c35,C35专用设备制造业,证监会行业分类,2026-07-28
300057,c32,C32有色金属冶炼和压延加工业,证监会行业分类,2026-07-28
300058,l72,L72商务服务业,证监会行业分类,2026-07-28
300059,j67,J67资本市场服务,证监会行业分类,2026-07-28
300061,l72,L72商务服务业,证监会行业分类,2026-07-28
300062,c38,C38电气机械和器材制造业,证监会行业分类,2026-07-28
300063,l72,L72商务服务业,证监会行业分类,2026-07-28
300065,c39,C39计算机、通信和其他电子设备制造业,证监会行业分类,2026-07-28
300066,c40,C40仪器仪表制造业,证监会行业分类,2026-07-28
300067,c26,C26化学原料和化学制品制造业,证监会行业分类,2026-07-28
300068,c38,C38电气机械和器材制造业,证监会行业分类,2026-07-28
300069,c38,C38电气机械和器材制造业,证监会行业分类,2026-07-28
300070,n77,N77生态保护和环境治理业,证监会行业分类,2026-07-28
300071,l72,L72商务服务业,证监会行业分类,2026-07-28
300072,c26,C26化学原料和化学制品制造业,证监会行业分类,2026-07-28
300073,c39,C39计算机、通信和其他电子设备制造业,证监会行业分类,2026-07-28
300074,i65,I65软件和信息技术服务业,证监会行业分类,2026-07-28
300075,i65,I65软件和信息技术服务业,证监会行业分类,2026-07-28
300076,c39,C39计算机、通信和其他电子设备制造业,证监会行业分类,2026-07-28
300077,c39,C39计算机、通信和其他电子设备制造业,证监会行业分类,2026-07-28
300078,c39,C39计算机、通信和其他电子设备制造业,证监会行业分类,2026-07-28
300079,c39,C39计算机、通信和其他电子设备制造业,证监会行业分类,2026-07-28
300080,c38,C38电气机械和器材制造业,证监会行业分类,2026-07-28
300081,i65,I65软件和信息技术服务业,证监会行业分类,2026-07-28
300082,c26,C26化学原料和化学制品制造业,证监会行业分类,2026-07-28
300083,c34,C34通用设备制造业,证监会行业分类,2026-07-28
300084,b11,B11开采专业及辅助性活动,证监会行业分类,2026-07-28
300085,i65,I65软件和信息技术服务业,证监会行业分类,2026-07-28
300086,c27,C27医药制造业,证监会行业分类,2026-07-28
300087,a05,A05农、林、牧、渔专业及辅助性活动,证监会行业分类,2026-07-28
300088,c39,C39计算机、通信和其他电子设备制造业,证监会行业分类,2026-07-28
300091,c34,C34通用设备制造业,证监会行业分类,2026-07-28
300092,c35,C35专用设备制造业,证监会行业分类,2026-07-28
300093,c38,C38电气机械和器材制造业,证监会行业分类,2026-07-28
300094,c13,C13农副食品加工业,证监会行业分类,2026-07-28
300095,c34,C34通用设备制造业,证监会行业分类,2026-07-28
300096,i65,I65软件和信息技术服务业,证监会行业分类,2026-07-28
300097,c35,C35专用设备制造业,证监会行业分类,2026-07-28
300098,i65,I65软件和信息技术服务业,证监会行业分类,2026-07-28
300099,c35,C35专用设备制造业,证监会行业分类,2026-07-28
300100,c36,C36汽车制造业,证监会行业分类,2026-07-28
300101,i65,I65软件和信息技术服务业,证监会行业分类,2026-07-28
300102,c39,C39计算机、通信和其他电子设备制造业,证监会行业分类,2026-07-28
300103,c42,C42废弃资源综合利用业,证监会行业分类,2026-07-28
300105,c38,C38电气机械和器材制造业,证监会行业分类,2026-07-28
300106,c14,C14食品制造业,证监会行业分类,2026-07-28
300107,c26,C26化学原料和化学制品制造业,证监会行业分类,2026-07-28
300109,c26,C26化学原料和化学制品制造业,证监会行业分类,2026-07-28
300110,c27,C27医药制造业,证监会行业分类,2026-07-28
300111,c27,C27医药制造业,证监会行业分类,2026-07-28
300112,c40,C40仪器仪表制造业,证监会行业分类,2026-07-28
300113,i64,I64互联网和相关服务,证监会行业分类,2026-07-28
300115,c39,C39计算机、通信和其他电子设备制造业,证监会行业分类,2026-07-28
300118,c38,C38电气机械和器材制造业,证监会行业分类,2026-07-28
300119,c27,C27医药制造业,证监会行业分类,2026-07-28
300120,c39,C39计算机、通信和其他电子设备制造业,证监会行业分类,2026-07-28
300121,c26,C26化学原料和化学制品制造业,证监会行业分类,2026-07-28
300122,c27,C27医药制造业,证监会行业分类,2026-07-28
300123,c39,C39计算机、通信和其他电子设备制造业,证监会行业分类,2026-07-28
300124,c38,C38电气机械和器材制造业,证监会行业分类,2026-07-28
300125,c38,C38电气机械和器材制造业,证监会行业分类,2026-07-28
300126,c34,C34通用设备制造业,证监会行业分类,2026-07-28
300127,c39,C39计算机、通信和其他电子设备制造业,证监会行业分类,2026-07-28
300128,c39,C39计算机、通信和其他电子设备制造业,证监会行业分类,2026-07-28
300129,c38,C38电气机械和器材制造业,证监会行业分类,2026-07-28
300130,c35,C35专用设备制造业,证监会行业分类,2026-07-28
300131,f51,F51批发业,证监会行业分类,2026-07-28
300132,c26,C26化学原料和化学制品制造业,证监会行业分类,2026-07-28
300133,r87,R87广播、电视、电影和录音制作业,证监会行业分类,2026-07-28
300134,c39,C39计算机、通信和其他电子设备制造业,证监会行业分类,2026-07-28
300135,c25,C25石油、煤炭及其他燃料加工业,证监会行业分类,2026-07-28
300136,c39,C39计算机、通信和其他电子设备制造业,证监会行业分类,2026-07-28
300137,c40,C40仪器仪表制造业,证监会行业分类,2026-07-28
300138,c13,C13农副食品加工业,证监会行业分类,2026-07-28
300139,b09,B09有色金属矿采选业,证监会行业分类,2026-07-28
300140,n77,N77生态保护和环境治理业,证监会行业分类,2026-07-28
300141,c38,C38电气机械和器材制造业,证监会行业分类,2026-07-28
300142,c27,C27医药制造业,证监会行业分类,2026-07-28
300143,q84,Q84卫生,证监会行业分类,2026-07-28
300144,r88,R88文化艺术业,证监会行业分类,2026-07-28
300145,c34,C34通用设备制造业,证监会行业分类,2026-07-28
300146,c14,C14食品制造业,证监会行业分类,2026-07-28
300147,c27,C27医药制造业,证监会行业分类,2026-07-28
300148,r86,R86新闻和出版业,证监会行业分类,2026-07-28
300149,m73,M73研究和试验发展,证监会行业分类,2026-07-28
300150,i65,I65软件和信息技术服务业,证监会行业分类,2026-07-28
300151,c35,C35专用设备制造业,证监会行业分类,2026-07-28
300152,c34,C34通用设备制造业,证监会行业分类,2026-07-28
300153,c38,C38电气机械和器材制造业,证监会行业分类,2026-07-28
300154,c34,C34通用设备制造业,证监会行业分类,2026-07-28
300155,c39,C39计算机、通信和其他电子设备制造业,证监会行业分类,2026-07-28
300157,c34,C34通用设备制造业,证监会行业分类,2026-07-28
300158,c27,C27医药制造业,证监会行业分类,2026-07-28
300159,c35,C35专用设备制造业,证监会行业分类,2026-07-28
300160,c30,C30非金属矿物制品业,证监会行业分类,2026-07-28
300161,c34,C34通用设备制造业,证监会行业分类,2026-07-28
300162,c39,C39计算机、通信和其他电子设备制造业,证监会行业分类,2026-07-28
300163,c17,C17纺织业,证监会行业分类,2026-07-28
300164,b11,B11开采专业及辅助性活动,证监会行业分类,2026-07-28
300165,c40,C40仪器仪表制造业,证监会行业分类,2026-07-28
300166,i65,I65软件和信息技术服务业,证监会行业分类,2026-07-28
300167,i65,I65软件和信息技术服务业,证监会行业分类,2026-07-28
300168,i65,I65软件和信息技术服务业,证监会行业分类,2026-07-28
300169,c29,C29橡胶和塑料制品业,证监会行业分类,2026-07-28
300170,i65,I65软件和信息技术服务业,证监会行业分类,2026-07-28
300171,c35,C35专用设备制造业,证监会行业分类,2026-07-28
300172,d46,D46水的生产和供应业,证监会行业分类,2026-07-28
300173,c35,C35专用设备制造业,证监会行业分类,2026-07-28
300174,c26,C26化学原料和化学制品制造业,证监会行业分类,2026-07-28
300175,c13,C13农副食品加工业,证监会行业分类,2026-07-28
300176,c36,C36汽车制造业,证监会行业分类,2026-07-28
300177,c39,C39计算机、通信和其他电子设备制造业,证监会行业分类,2026-07-28
300179,c30,C30非金属矿物制品业,证监会行业分类,2026-07-28
300180,c29,C29橡胶和塑料制品业,证监会行业分类,2026-07-28
300181,c27,C27医药制造业,证监会行业分类,2026-07-28
300182,r87,R87广播、电视、电影和录音制作业,证监会行业分类,2026-07-28
300183,c40,C40仪器仪表制造业,证监会行业分类,2026-07-28
300184,f51,F51批发业,证监会行业分类,2026-07-28
300185,c33,C33金属制品业,证监会行业分类,2026-07-28
300187,n77,N77生态保护和环境治理业,证监会行业分类,2026-07-28
300188,i65,I65软件和信息技术服务业,证监会行业分类,2026-07-28
300189,a05,A05农、林、牧、渔专业及辅助性活动,证监会行业分类,2026-07-28
300190,n77,N77生态保护和环境治理业,证监会行业分类,2026-07-28
300191,b07,B07石油和天然气开采业,证监会行业分类,2026-07-28
300192,p83,P83教育,证监会行业分类,2026-07-28
300193,c34,C34通用设备制造业,证监会行业分类,2026-07-28
300194,c27,C27医药制造业,证监会行业分类,2026-07-28
300195,c35,C35专用设备制造业,证监会行业分类,2026-07-28
300196,c30,C30非金属矿物制品业,证监会行业分类,2026-07-28
300197,n77,N77生态保护和环境治理业,证监会行业分类,2026-07-28
300198,c29,C29橡胶和塑料制品业,证监会行业分类,2026-07-28
300199,c27,C27医药制造业,证监会行业分类,2026-07-28
300200,c26,C26化学原料和化学制品制造业,证监会行业分类,2026-07-28
300201,c35,C35专用设备制造业,证监会行业分类,2026-07-28
300203,c40,C40仪器仪表制造业,证监会行业分类,2026-07-28
300204,c27,C27医药制造业,证监会行业分类,2026-07-28
300205,c39,C39计算机、通信和其他电子设备制造业,证监会行业分类,2026-07-28
300206,c35,C35专用设备制造业,证监会行业分类,2026-07-28
300207,c38,C38电气机械和器材制造业,证监会行业分类,2026-07-28
300209,f52,F52零售业,证监会行业分类,2026-07-28
300210,c35,C35专用设备制造业,证监会行业分类,2026-07-28
300211,c39,C39计算机、通信和其他电子设备制造业,证监会行业分类,2026-07-28
300212,i65,I65软件和信息技术服务业,证监会行业分类,2026-07-28
300213,c39,C39计算机、通信和其他电子设备制造业,证监会行业分类,2026-07-28
300214,c26,C26化学原料和化学制品制造业,证监会行业分类,2026-07-28
300215,m74,M74专业技术服务业,证监会行业分类,2026-07-28
300217,c35,C35专用设备制造业,证监会行业分类,2026-07-28
300218,c29,C29橡胶和塑料制品业,证监会行业分类,2026-07-28
300219,c39,C39计算机、通信和其他电子设备制造业,证监会行业分类,2026-07-28
300220,c39,C39计算机、通信和其他电子设备制造业,证监会行业分类,2026-07-28
300221,c29,C29橡胶和塑料制品业,证监会行业分类,2026-07-28
300222,c34,C34通用设备制造业,证监会行业分类,2026-07-28
300223,c39,C39计算机、通信和其他电子设备制造业,证监会行业分类,2026-07-28
300224,c30,C30非金属矿物制品业,证监会行业分类,2026-07-28
300225,c26,C26化学原料和化学制品制造业,证监会行业分类,2026-07-28
300226,l72,L72商务服务业,证监会行业分类,2026-07-28
300227,c39,C39计算机、通信和其他电子设备制造业,证监会行业分类,2026-07-28
300228,c35,C35专用设备制造业,证监会行业分类,2026-07-28
300229,i65,I65软件和信息技术服务业,证监会行业分类,2026-07-28
300230,c29,C29橡胶和塑料制品业,证监会行业分类,2026-07-28
300231,i65,I65软件和信息技术服务业,证监会行业分类,2026-07-28
300232,c39,C39计算机、通信和其他电子设备制造业,证监会行业分类,2026-07-28
300233,c27,C27医药制造业,证监会行业分类,2026-07-28
300234,c30,C30非金属矿物制品业,证监会行业分类,2026-07-28
300235,i65,I65软件和信息技术服务业,证监会行业分类,2026-07-28
300236,c39,C39计算机、通信和其他电子设备制造业,证监会行业分类,2026-07-28
300237,c36,C36汽车制造业,证监会行业分类,2026-07-28
300238,c35,C35专用设备制造业,证监会行业分类,2026-07-28
300239,c27,C27医药制造业,证监会行业分类,2026-07-28
300240,g58,G58多式联运和运输代理业,证监会行业分类,2026-07-28
300241,c39,C39计算机、通信和其他电子设备制造业,证监会行业分类,2026-07-28
300242,l72,L72商务服务业,证监会行业分类,2026-07-28
300243,c26,C26化学原料和化学制品制造业,证监会行业分类,2026-07-28
300244,q84,Q84卫生,证监会行业分类,2026-07-28
300245,i65,I65软件和信息技术服务业,证监会行业分类,2026-07-28
300246,c35,C35专用设备制造业,证监会行业分类,2026-07-28
300247,c38,C38电气机械和器材制造业,证监会行业分类,2026-07-28
300248,i65,I65软件和信息技术服务业,证监会行业分类,2026-07-28
300249,i65,I65软件和信息技术服务业,证监会行业分类,2026-07-28
300250,i65,I65软件和信息技术服务业,证监会行业分类,2026-07-28
300251,r87,R87广播、电视、电影和录音制作业,证监会行业分类,2026-07-28
300252,c38,C38电气机械和器材制造业,证监会行业分类,2026-07-28
300253,i65,I65软件和信息技术服务业,证监会行业分类,2026-07-28
300254,c27,C27医药制造业,证监会行业分类,2026-07-28
300255,c27,C27医药制造业,证监会行业分类,2026-07-28
300256,c39,C39计算机、通信和其他电子设备制造业,证监会行业分类,2026-07-28
300257,c34,C34通用设备制造业,证监会行业分类,2026-07-28
300258,c36,C36汽车制造业,证监会行业分类,2026-07-28
300259,c40,C40仪器仪表制造业,证监会行业分类,2026-07-28
300260,c34,C34通用设备制造业,证监会行业分类,2026-07-28
300261,c26,C26化学原料和化学制品制造业,证监会行业分类,2026-07-28
300263,c34,C34通用设备制造业,证监会行业分类,2026-07-28
300264,i65,I65软件和信息技术服务业,证监会行业分类,2026-07-28
300265,c38,C38电气机械和器材制造业,证监会行业分类,2026-07-28
300266,n77,N77生态保护和环境治理业,证监会行业分类,2026-07-28
300267,c27,C27医药制造业,证监会行业分类,2026-07-28
300268,c13,C13农副食品加工业,证监会行业分类,2026-07-28
300269,c39,C39计算机、通信和其他电子设备制造业,证监会行业分类,2026-07-28
300270,c39,C39计算机、通信和其他电子设备制造业,证监会行业分类,2026-07-28
300271,i65,I65软件和信息技术服务业,证监会行业分类,2026-07-28
300272,c38,C38电气机械和器材制造业,证监会行业分类,2026-07-28
300274,c38,C38电气机械和器材制造业,证监会行业分类,2026-07-28
300275,i65,I65软件和信息技术服务业,证监会行业分类,2026-07-28
300276,c35,C35专用设备制造业,证监会行业分类,2026-07-28
300277,i65,I65软件和信息技术服务业,证监会行业分类,2026-07-28
300278,c35,C35专用设备制造业,证监会行业分类,2026-07-28
300279,c39,C39计算机、通信和其他电子设备制造业,证监会行业分类,2026-07-28
300281,c35,C35专用设备制造业,证监会行业分类,2026-07-28
300283,c38,C38电气机械和器材制造业,证监会行业分类,2026-07-28
300284,m74,M74专业技术服务业,证监会行业分类,2026-07-28
300285,c26,C26化学原料和化学制品制造业,证监会行业分类,2026-07-28
300286,c40,C40仪器仪表制造业,证监会行业分类,2026-07-28
300287,i65,I65软件和信息技术服务业,证监会行业分类,2026-07-28
300288,i63,I63电信、广播电视和卫星传输服务,证监会行业分类,2026-07-28
300289,c27,C27医药制造业,证监会行业分类,2026-07-28
300290,i65,I65软件和信息技术服务业,证监会行业分类,2026-07-28
300291,r87,R87广播、电视、电影和录音制作业,证监会行业分类,2026-07-28
300292,i65,I65软件和信息技术服务业,证监会行业分类,2026-07-28
300293,c35,C35专用设备制造业,证监会行业分类,2026-07-28
300294,c27,C27医药制造业,证监会行业分类,2026-07-28
300295,i64,I64互联网和相关服务,证监会行业分类,2026-07-28
300296,c39,C39计算机、通信和其他电子设备制造业,证监会行业分类,2026-07-28
300298,c35,C35专用设备制造业,证监会行业分类,2026-07-28
300299,i64,I64互联网和相关服务,证监会行业分类,2026-07-28
300300,i65,I65软件和信息技术服务业,证监会行业分类,2026-07-28
300301,c39,C39计算机、通信和其他电子设备制造业,证监会行业分类,2026-07-28
300302,i65,I65软件和信息技术服务业,证监会行业分类,2026-07-28
300303,c39,C39计算机、通信和其他电子设备制造业,证监会行业分类,2026-07-28
300304,c36,C36汽车制造业,证监会行业分类,2026-07-28
300305,c29,C29橡胶和塑料制品业,证监会行业分类,2026-07-28
300306,c40,C40仪器仪表制造业,证监会行业分类,2026-07-28
300307,c35,C35专用设备制造业,证监会行业分类,2026-07-28
300308,c39,C39计算机、通信和其他电子设备制造业,证监会行业分类,2026-07-28
300310,i63,I63电信、广播电视和卫星传输服务,证监会行业分类,2026-07-28
300311,i65,I65软件和信息技术服务业,证监会行业分类,2026-07-28
300313,a03,A03畜牧业,证监会行业分类,2026-07-28
300314,c35,C35专用设备制造业,证监会行业分类,2026-07-28
300315,i64,I64互联网和相关服务,证监会行业分类,2026-07-28
300316,c35,C35专用设备制造业,证监会行业分类,2026-07-28
300317,c38,C38电气机械和器材制造业,证监会行业分类,2026-07-28
300318,c35,C35专用设备制造业,证监会行业分类,2026-07-28
300319,c39,C39计算机、通信和其他电子设备制造业,证监会行业分类,2026-07-28
300320,c29,C29橡胶和塑料制品业,证监会行业分类,2026-07-28
300321,c29,C29橡胶和塑料制品业,证监会行业分类,2026-07-28
300322,c39,C39计算机、通信和其他电子设备制造业,证监会行业分类,2026-07-28
300323,c39,C39计算机、通信和其他电子设备制造业,证监会行业分类,2026-07-28
300324,i65,I65软件和信息技术服务业,证监会行业分类,2026-07-28
300326,c35,C35专用设备制造业,证监会行业分类,2026-07-28
300327,c39,C39计算机、通信和其他电子设备制造业,证监会行业分类,2026-07-28
300328,c33,C33金属制品业,证监会行业分类,2026-07-28
300329,c24,C24文教、工美、体育和娱乐用品制造业,证监会行业分类,2026-07-28
300331,c39,C39计算机、通信和其他电子设备制造业,证监会行业分类,2026-07-28
300332,d45,D45燃气生产和供应业,证监会行业分类,2026-07-28
300333,i65,I65软件和信息技术服务业,证监会行业分类,2026-07-28
300334,c35,C35专用设备制造业,证监会行业分类,2026-07-28
300335,d44,D44电力、热力生产和供应业,证监会行业分类,2026-07-28
300337,c32,C32有色金属冶炼和压延加工业,证监会行业分类,2026-07-28
300338,p83,P83教育,证监会行业分类,2026-07-28
300339,i65,I65软件和信息技术服务业,证监会行业分类,2026-07-28
300340,c39,C39计算机、通信和其他电子设备制造业,证监会行业分类,2026-07-28
300341,c40,C40仪器仪表制造业,证监会行业分类,2026-07-28
300342,c34,C34通用设备制造业,证监会行业分类,2026-07-28
300343,c26,C26化学原料和化学制品制造业,证监会行业分类,2026-07-28
300345,c38,C38电气机械和器材制造业,证监会行业分类,2026-07-28
300346,c39,C39计算机、通信和其他电子设备制造业,证监会行业分类,2026-07-28
300347,m73,M73研究和试验发展,证监会行业分类,2026-07-28
300348,i65,I65软件和信息技术服务业,证监会行业分类,2026-07-28
300349,i65,I65软件和信息技术服务业,证监会行业分类,2026-07-28
300350,g58,G58多式联运和运输代理业,证监会行业分类,2026-07-28
300351,c39,C39计算机、通信和其他电子设备制造业,证监会行业分类,2026-07-28
300352,i65,I65软件和信息技术服务业,证监会行业分类,2026-07-28
300353,c39,C39计算机、通信和其他电子设备制造业,证监会行业分类,2026-07-28
300354,c40,C40仪器仪表制造业,证监会行业分类,2026-07-28
300355,n77,N77生态保护和环境治理业,证监会行业分类,2026-07-28
300357,c27,C27医药制造业,证监会行业分类,2026-07-28
300358,c35,C35专用设备制造业,证监会行业分类,2026-07-28
300359,p83,P83教育,证监会行业分类,2026-07-28
300360,c40,C40仪器仪表制造业,证监会行业分类,2026-07-28
300363,c27,C27医药制造业,证监会行业分类,2026-07-28
300364,r86,R86新闻和出版业,证监会行业分类,2026-07-28
300365,i65,I65软件和信息技术服务业,证监会行业分类,2026-07-28
300366,i65,I65软件和信息技术服务业,证监会行业分类,2026-07-28
300368,i65,I65软件和信息技术服务业,证监会行业分类,2026-07-28
300369,i65,I65软件和信息技术服务业,证监会行业分类,2026-07-28
300370,c40,C40仪器仪表制造业,证监会行业分类,2026-07-28
300371,c40,C40仪器仪表制造业,证监会行业分类,2026-07-28
300373,c39,C39计算机、通信和其他电子设备制造业,证监会行业分类,2026-07-28
300374,c30,C30非金属矿物制品业,证监会行业分类,2026-07-28
300375,c29,C29橡胶和塑料制品业,证监会行业分类,2026-07-28
300376,c38,C38电气机械和器材制造业,证监会行业分类,2026-07-28
300377,i65,I65软件和信息技术服务业,证监会行业分类,2026-07-28
300378,i65,I65软件和信息技术服务业,证监会行业分类,2026-07-28
300380,i65,I65软件和信息技术服务业,证监会行业分类,2026-07-28
300381,c27,C27医药制造业,证监会行业分类,2026-07-28
300382,c35,C35专用设备制造业,证监会行业分类,2026-07-28
300383,i65,I65软件和信息技术服务业,证监会行业分类,2026-07-28
300384,m74,M74专业技术服务业,证监会行业分类,2026-07-28
300385,c35,C35专用设备制造业,证监会行业分类,2026-07-28
300386,i65,I65软件和信息技术服务业,证监会行业分类,2026-07-28
300387,c26,C26化学原料和化学制品制造业,证监会行业分类,2026-07-28
300388,n77,N77生态保护和环境治理业,证监会行业分类,2026-07-28
300389,c39,C39计算机、通信和其他电子设备制造业,证监会行业分类,2026-07-28
300390,c39,C39计算机、通信和其他电子设备制造业,证监会行业分类,2026-07-28
300393,c38,C38电气机械和器材制造业,证监会行业分类,2026-07-28
300394,c39,C39计算机、通信和其他电子设备制造业,证监会行业分类,2026-07-28
300395,c30,C30非金属矿物制品业,证监会行业分类,2026-07-28
300396,c35,C35专用设备制造业,证监会行业分类,2026-07-28
300397,c39,C39计算机、通信和其他电子设备制造业,证监会行业分类,2026-07-28
300398,c26,C26化学原料和化学制品制造业,证监会行业分类,2026-07-28
300399,i65,I65软件和信息技术服务业,证监会行业分类,2026-07-28
300400,c35,C35专用设备制造业,证监会行业分类,2026-07-28
300401,c27,C27医药制造业,证监会行业分类,2026-07-28
300402,c35,C35专用设备制造业,证监会行业分类,2026-07-28
300403,c38,C38电气机械和器材制造业,证监会行业分类,2026-07-28
300404,m73,M73研究和试验发展,证监会行业分类,2026-07-28
300405,c26,C26化学原料和化学制品制造业,证监会行业分类,2026-07-28
300406,c27,C27医药制造业,证监会行业分类,2026-07-28
300407,c37,C37铁路、船舶、航空航天和其他运输设备制造业,证监会行业分类,2026-07-28
300408,c39,C39计算机、通信和其他电子设备制造业,证监会行业分类,2026-07-28
300409,c39,C39计算机、通信和其他电子设备制造业,证监会行业分类,2026-07-28
300410,c35,C35专用设备制造业,证监会行业分类,2026-07-28
300411,c34,C34通用设备制造业,证监会行业分类,2026-07-28
300412,c35,C35专用设备制造业,证监会行业分类,2026-07-28
300413,i64,I64互联网和相关服务,证监会行业分类,2026-07-28
300414,c39,C39计算机、通信和其他电子设备制造业,证监会行业分类,2026-07-28
300415,c35,C35专用设备制造业,证监会行业分类,2026-07-28
300416,m74,M74专业技术服务业,证监会行业分类,2026-07-28
300417,c40,C40仪器仪表制造业,证监会行业分类,2026-07-28
300418,i64,I64互联网和相关服务,证监会行业分类,2026-07-28
300419,i65,I65软件和信息技术服务业,证监会行业分类,2026-07-28
300420,c34,C34通用设备制造业,证监会行业分类,2026-07-28
300421,c34,C34通用设备制造业,证监会行业分类,2026-07-28
300422,n77,N77生态保护和环境治理业,证监会行业分类,2026-07-28
300423,c38,C38电气机械和器材制造业,证监会行业分类,2026-07-28
300424,c43,C43金属制品、机械和设备修理业,证监会行业分类,2026-07-28
300425,c35,C35专用设备制造业,证监会行业分类,2026-07-28
300426,r87,R87广播、电视、电影和录音制作业,证监会行业分类,2026-07-28
300427,c38,C38电气机械和器材制造业,证监会行业分类,2026-07-28
300428,c32,C32有色金属冶炼和压延加工业,证监会行业分类,2026-07-28
300429,c26,C26化学原料和化学制品制造业,证监会行业分类,2026-07-28
300430,c35,C35专用设备制造业,证监会行业分类,2026-07-28
300432,c36,C36汽车制造业,证监会行业分类,2026-07-28
300433,c39,C39计算机、通信和其他电子设备制造业,证监会行业分类,2026-07-28
300434,c27,C27医药制造业,证监会行业分类,2026-07-28
300435,d45,D45燃气生产和供应业,证监会行业分类,2026-07-28
300436,c27,C27医药制造业,证监会行业分类,2026-07-28
300437,c26,C26化学原料和化学制品制造业,证监会行业分类,2026-07-28
300438,c38,C38电气机械和器材制造业,证监会行业分类,2026-07-28
300439,c27,C27医药制造业,证监会行业分类,2026-07-28
300440,i65,I65软件和信息技术服务业,证监会行业分类,2026-07-28
300441,c34,C34通用设备制造业,证监会行业分类,2026-07-28
300442,i65,I65软件和信息技术服务业,证监会行业分类,2026-07-28
300443,c35,C35专用设备制造业,证监会行业分类,2026-07-28
300444,c38,C38电气机械和器材制造业,证监会行业分类,2026-07-28
300445,c40,C40仪器仪表制造业,证监会行业分类,2026-07-28
300446,c26,C26化学原料和化学制品制造业,证监会行业分类,2026-07-28
300447,c38,C38电气机械和器材制造业,证监会行业分类,2026-07-28
300448,i65,I65软件和信息技术服务业,证监会行业分类,2026-07-28
300449,c39,C39计算机、通信和其他电子设备制造业,证监会行业分类,2026-07-28
300450,c35,C35专用设备制造业,证监会行业分类,2026-07-28
300451,i65,I65软件和信息技术服务业,证监会行业分类,2026-07-28
300452,c27,C27医药制造业,证监会行业分类,2026-07-28
300453,c35,C35专用设备制造业,证监会行业分类,2026-07-28
300454,i65,I65软件和信息技术服务业,证监会行业分类,2026-07-28
300455,c39,C39计算机、通信和其他电子设备制造业,证监会行业分类,2026-07-28
300456,c39,C39计算机、通信和其他电子设备制造业,证监会行业分类,2026-07-28
300457,c35,C35专用设备制造业,证监会行业分类,2026-07-28
300458,c39,C39计算机、通信和其他电子设备制造业,证监会行业分类,2026-07-28
300459,i64,I64互联网和相关服务,证监会行业分类,2026-07-28
300460,c39,C39计算机、通信和其他电子设备制造业,证监会行业分类,2026-07-28
300461,c35,C35专用设备制造业,证监会行业分类,2026-07-28
300462,c35,C35专用设备制造业,证监会行业分类,2026-07-28
300463,c27,C27医药制造业,证监会行业分类,2026-07-28
300464,f52,F52零售业,证监会行业分类,2026-07-28
300465,i65,I65软件和信息技术服务业,证监会行业分类,2026-07-28
300466,c40,C40仪器仪表制造业,证监会行业分类,2026-07-28
300467,i64,I64互联网和相关服务,证监会行业分类,2026-07-28
300468,i65,I65软件和信息技术服务业,证监会行业分类,2026-07-28
300469,i65,I65软件和信息技术服务业,证监会行业分类,2026-07-28
300470,c34,C34通用设备制造业,证监会行业分类,2026-07-28
300471,c35,C35专用设备制造业,证监会行业分类,2026-07-28
300472,c35,C35专用设备制造业,证监会行业分类,2026-07-28
300473,c36,C36汽车制造业,证监会行业分类,2026-07-28
300474,c39,C39计算机、通信和其他电子设备制造业,证监会行业分类,2026-07-28
300475,f51,F51批发业,证监会行业分类,2026-07-28
300476,c39,C39计算机、通信和其他电子设备制造业,证监会行业分类,2026-07-28
300477,c38,C38电气机械和器材制造业,证监会行业分类,2026-07-28
300478,c29,C29橡胶和塑料制品业,证监会行业分类,2026-07-28
300479,i65,I65软件和信息技术服务业,证监会行业分类,2026-07-28
300480,c35,C35专用设备制造业,证监会行业分类,2026-07-28
300481,c26,C26化学原料和化学制品制造业,证监会行业分类,2026-07-28
300482,c27,C27医药制造业,证监会行业分类,2026-07-28
300483,b07,B07石油和天然气开采业,证监会行业分类,2026-07-28
300484,c38,C38电气机械和器材制造业,证监会行业分类,2026-07-28
300485,c27,C27医药制造业,证监会行业分类,2026-07-28
300486,c34,C34通用设备制造业,证监会行业分类,2026-07-28
300487,c26,C26化学原料和化学制品制造业,证监会行业分类,2026-07-28
300488,c33,C33金属制品业,证监会行业分类,2026-07-28
300489,c39,C39计算机、通信和其他电子设备制造业,证监会行业分类,2026-07-28
300490,c38,C38电气机械和器材制造业,证监会行业分类,2026-07-28
300491,c38,C38电气机械和器材制造业,证监会行业分类,2026-07-28
300492,p83,P83教育,证监会行业分类,2026-07-28
300493,f51,F51批发业,证监会行业分类,2026-07-28
300494,i64,I64互联网和相关服务,证监会行业分类,2026-07-28
300496,i65,I65软件和信息技术服务业,证监会行业分类,2026-07-28
300497,c27,C27医药制造业,证监会行业分类,2026-07-28
300498,a03,A03畜牧业,证监会行业分类,2026-07-28
300499,c38,C38电气机械和器材制造业,证监会行业分类,2026-07-28
300500,m74,M74专业技术服务业,证监会行业分类,2026-07-28
300501,c27,C27医药制造业,证监会行业分类,2026-07-28
300502,c39,C39计算机、通信和其他电子设备制造业,证监会行业分类,2026-07-28
300503,c34,C34通用设备制造业,证监会行业分类,2026-07-28
300504,c39,C39计算机、通信和其他电子设备制造业,证监会行业分类,2026-07-28
300505,c26,C26化学原料和化学制品制造业,证监会行业分类,2026-07-28
300506,e50,E50建筑装饰、装修和其他建筑业,证监会行业分类,2026-07-28
300507,c36,C36汽车制造业,证监会行业分类,2026-07-28
300508,c40,C40仪器仪表制造业,证监会行业分类,2026-07-28
300509,c34,C34通用设备制造业,证监会行业分类,2026-07-28
300510,c38,C38电气机械和器材制造业,证监会行业分类,2026-07-28
300511,a01,A01农业,证监会行业分类,2026-07-28
300512,c34,C34通用设备制造业,证监会行业分类,2026-07-28
300513,i65,I65软件和信息技术服务业,证监会行业分类,2026-07-28
300514,c40,C40仪器仪表制造业,证监会行业分类,2026-07-28
300515,c40,C40仪器仪表制造业,证监会行业分类,2026-07-28
300516,c39,C39计算机、通信和其他电子设备制造业,证监会行业分类,2026-07-28
300517,e48,E48土木工程建筑业,证监会行业分类,2026-07-28
300518,i64,I64互联网和相关服务,证监会行业分类,2026-07-28
300519,c27,C27医药制造业,证监会行业分类,2026-07-28
300520,i65,I65软件和信息技术服务业,证监会行业分类,2026-07-28
300521,c35,C35专用设备制造业,证监会行业分类,2026-07-28
300522,c26,C26化学原料和化学制品制造业,证监会行业分类,2026-07-28
300523,i65,I65软件和信息技术服务业,证监会行业分类,2026-07-28
300525,i65,I65软件和信息技术服务业,证监会行业分类,2026-07-28
300527,c35,C35专用设备制造业,证监会行业分类,2026-07-28
300528,r87,R87广播、电视、电影和录音制作业,证监会行业分类,2026-07-28
300529,c35,C35专用设备制造业,证监会行业分类,2026-07-28
300530,c38,C38电气机械和器材制造业,证监会行业分类,2026-07-28
300531,c39,C39计算机、通信和其他电子设备制造业,证监会行业分类,2026-07-28
300532,i65,I65软件和信息技术服务业,证监会行业分类,2026-07-28
300533,i64,I64互联网和相关服务,证监会行业分类,2026-07-28
300534,c27,C27医药制造业,证监会行业分类,2026-07-28
300535,c26,C26化学原料和化学制品制造业,证监会行业分类,2026-07-28
300536,e48,E48土木工程建筑业,证监会行业分类,2026-07-28
300537,c26,C26化学原料和化学制品制造业,证监会行业分类,2026-07-28
300538,f51,F51批发业,证监会行业分类,2026-07-28
300539,c29,C29橡胶和塑料制品业,证监会行业分类,2026-07-28
300540,c34,C34通用设备制造业,证监会行业分类,2026-07-28
300541,i65,I65软件和信息技术服务业,证监会行业分类,2026-07-28
300542,i65,I65软件和信息技术服务业,证监会行业分类,2026-07-28
300543,c39,C39计算机、通信和其他电子设备制造业,证监会行业分类,2026-07-28
300545,c35,C35专用设备制造业,证监会行业分类,2026-07-28
300546,c39,C39计算机、通信和其他电子设备制造业,证监会行业分类,2026-07-28
300547,c29,C29橡胶和塑料制品业,证监会行业分类,2026-07-28
300548,c39,C39计算机、通信和其他电子设备制造业,证监会行业分类,2026-07-28
300549,c35,C35专用设备制造业,证监会行业分类,2026-07-28
300550,i65,I65软件和信息技术服务业,证监会行业分类,2026-07-28
300551,c34,C34通用设备制造业,证监会行业分类,2026-07-28
300552,c39,C39计算机、通信和其他电子设备制造业,证监会行业分类,2026-07-28
300553,c40,C40仪器仪表制造业,证监会行业分类,2026-07-28
300554,c30,C30非金属矿物制品业,证监会行业分类,2026-07-28
300555,c39,C39计算机、通信和其他电子设备制造业,证监会行业分类,2026-07-28
300556,i65,I65软件和信息技术服务业,证监会行业分类,2026-07-28
300557,c35,C35专用设备制造业,证监会行业分类,2026-07-28
300558,c27,C27医药制造业,证监会行业分类,2026-07-28
300559,i65,I65软件和信息技术服务业,证监会行业分类,2026-07-28
300560,i65,I65软件和信息技术服务业,证监会行业分类,2026-07-28
300561,i65,I65软件和信息技术服务业,证监会行业分类,2026-07-28
300562,c35,C35专用设备制造业,证监会行业分类,2026-07-28
300563,c39,C39计算机、通信和其他电子设备制造业,证监会行业分类,2026-07-28
300564,m74,M74专业技术服务业,证监会行业分类,2026-07-28
300565,c39,C39计算机、通信和其他电子设备制造业,证监会行业分类,2026-07-28
300566,c39,C39计算机、通信和其他电子设备制造业,证监会行业分类,2026-07-28
300567,c40,C40仪器仪表制造业,证监会行业分类,2026-07-28
300568,c26,C26化学原料和化学制品制造业,证监会行业分类,2026-07-28
300569,c38,C38电气机械和器材制造业,证监会行业分类,2026-07-28
300570,c39,C39计算机、通信和其他电子设备制造业,证监会行业分类,2026-07-28
300571,c39,C39计算机、通信和其他电子设备制造业,证监会行业分类,2026-07-28
300572,c40,C40仪器仪表制造业,证监会行业分类,2026-07-28
300573,c27,C27医药制造业,证监会行业分类,2026-07-28
300575,c26,C26化学原料和化学制品制造业,证监会行业分类,2026-07-28
300576,c39,C39计算机、通信和其他电子设备制造业,证监会行业分类,2026-07-28
300577,c19,C19皮革、毛皮、羽毛及其制品和制鞋业,证监会行业分类,2026-07-28
300578,i65,I65软件和信息技术服务业,证监会行业分类,2026-07-28
300579,i65,I65软件和信息技术服务业,证监会行业分类,2026-07-28
300580,c36,C36汽车制造业,证监会行业分类,2026-07-28
300581,c39,C39计算机、通信和其他电子设备制造业,证监会行业分类,2026-07-28
300582,c39,C39计算机、通信和其他电子设备制造业,证监会行业分类,2026-07-28
300583,c27,C27医药制造业,证监会行业分类,2026-07-28
300584,c27,C27医药制造业,证监会行业分类,2026-07-28
300585,c36,C36汽车制造业,证监会行业分类,2026-07-28
300586,c26,C26化学原料和化学制品制造业,证监会行业分类,2026-07-28
300587,c29,C29橡胶和塑料制品业,证监会行业分类,2026-07-28
300588,i65,I65软件和信息技术服务业,证监会行业分类,2026-07-28
300589,c37,C37铁路、船舶、航空航天和其他运输设备制造业,证监会行业分类,2026-07-28
300590,c39,C39计算机、通信和其他电子设备制造业,证监会行业分类,2026-07-28
300591,c19,C19皮革、毛皮、羽毛及其制品和制鞋业,证监会行业分类,2026-07-28
300592,f52,F52零售业,证监会行业分类,2026-07-28
300593,c38,C38电气机械和器材制造业,证监会行业分类,2026-07-28
300594,c37,C37铁路、船舶、航空航天和其他运输设备制造业,证监会行业分类,2026-07-28
300595,c35,C35专用设备制造业,证监会行业分类,2026-07-28
300596,c26,C26化学原料和化学制品制造业,证监会行业分类,2026-07-28
300597,i65,I65软件和信息技术服务业,证监会行业分类,2026-07-28
300598,i65,I65软件和信息技术服务业,证监会行业分类,2026-07-28
300599,c29,C29橡胶和塑料制品业,证监会行业分类,2026-07-28
300600,c37,C37铁路、船舶、航空航天和其他运输设备制造业,证监会行业分类,2026-07-28
300601,c27,C27医药制造业,证监会行业分类,2026-07-28
300602,c39,C39计算机、通信和其他电子设备制造业,证监会行业分类,2026-07-28
300603,i65,I65软件和信息技术服务业,证监会行业分类,2026-07-28
300604,c35,C35专用设备制造业,证监会行业分类,2026-07-28
300605,i65,I65软件和信息技术服务业,证监会行业分类,2026-07-28
300606,c30,C30非金属矿物制品业,证监会行业分类,2026-07-28
300607,c34,C34通用设备制造业,证监会行业分类,2026-07-28
300608,i65,I65软件和信息技术服务业,证监会行业分类,2026-07-28
300609,i65,I65软件和信息技术服务业,证监会行业分类,2026-07-28
300610,c26,C26化学原料和化学制品制造业,证监会行业分类,2026-07-28
300611,c36,C36汽车制造业,证监会行业分类,2026-07-28
300612,l72,L72商务服务业,证监会行业分类,2026-07-28
300613,i65,I65软件和信息技术服务业,证监会行业分类,2026-07-28
300614,n77,N77生态保护和环境治理业,证监会行业分类,2026-07-28
300615,c39,C39计算机、通信和其他电子设备制造业,证监会行业分类,2026-07-28
300616,c21,C21家具制造业,证监会行业分类,2026-07-28
300617,c38,C38电气机械和器材制造业,证监会行业分类,2026-07-28
300618,c32,C32有色金属冶炼和压延加工业,证监会行业分类,2026-07-28
300619,c35,C35专用设备制造业,证监会行业分类,2026-07-28
300620,c39,C39计算机、通信和其他电子设备制造业,证监会行业分类,2026-07-28
300621,e50,E50建筑装饰、装修和其他建筑业,证监会行业分类,2026-07-28
300622,f52,F52零售业,证监会行业分类,2026-07-28
300623,c39,C39计算机、通信和其他电子设备制造业,证监会行业分类,2026-07-28
300624,i65,I65软件和信息技术服务业,证监会行业分类,2026-07-28
300625,c38,C38电气机械和器材制造业,证监会行业分类,2026-07-28
300626,c38,C38电气机械和器材制造业,证监会行业分类,2026-07-28
300627,c39,C39计算机、通信和其他电子设备制造业,证监会行业分类,2026-07-28
300628,c39,C39计算机、通信和其他电子设备制造业,证监会行业分类,2026-07-28
300629,c39,C39计算机、通信和其他电子设备制造业,证监会行业分类,2026-07-28
300631,c35,C35专用设备制造业,证监会行业分类,2026-07-28
300632,c38,C38电气机械和器材制造业,证监会行业分类,2026-07-28
300633,c35,C35专用设备制造业,证监会行业分类,2026-07-28
300634,i65,I65软件和信息技术服务业,证监会行业分类,2026-07-28
300635,m74,M74专业技术服务业,证监会行业分类,2026-07-28
300636,c27,C27医药制造业,证监会行业分类,2026-07-28
300637,c26,C26化学原料和化学制品制造业,证监会行业分类,2026-07-28
300638,c39,C39计算机、通信和其他电子设备制造业,证监会行业分类,2026-07-28
300639,c27,C27医药制造业,证监会行业分类,2026-07-28
300640,c24,C24文教、工美、体育和娱乐用品制造业,证监会行业分类,2026-07-28
300641,c26,C26化学原料和化学制品制造业,证监会行业分类,2026-07-28
300642,c27,C27医药制造业,证监会行业分类,2026-07-28
300643,c36,C36汽车制造业,证监会行业分类,2026-07-28
300644,c29,C29橡胶和塑料制品业,证监会行业分类,2026-07-28
300645,i65,I65软件和信息技术服务业,证监会行业分类,2026-07-28
300647,c39,C39计算机、通信和其他电子设备制造业,证监会行业分类,2026-07-28
300648,c35,C35专用设备制造业,证监会行业分类,2026-07-28
300649,m74,M74专业技术服务业,证监会行业分类,2026-07-28
300650,f51,F51批发业,证监会行业分类,2026-07-28
300651,c24,C24文教、工美、体育和娱乐用品制造业,证监会行业分类,2026-07-28
300652,c36,C36汽车制造业,证监会行业分类,2026-07-28
300653,c35,C35专用设备制造业,证监会行业分类,2026-07-28
300654,r86,R86新闻和出版业,证监会行业分类,2026-07-28
300655,c26,C26化学原料和化学制品制造业,证监会行业分类,2026-07-28
300656,c39,C39计算机、通信和其他电子设备制造业,证监会行业分类,2026-07-28
300657,c39,C39计算机、通信和其他电子设备制造业,证监会行业分类,2026-07-28
300658,c17,C17纺织业,证监会行业分类,2026-07-28
300659,i65,I65软件和信息技术服务业,证监会行业分类,2026-07-28
300660,c38,C38电气机械和器材制造业,证监会行业分类,2026-07-28
300661,c39,C39计算机、通信和其他电子设备制造业,证监会行业分类,2026-07-28
300662,l72,L72商务服务业,证监会行业分类,2026-07-28
300663,i65,I65软件和信息技术服务业,证监会行业分类,2026-07-28
300664,n77,N77生态保护和环境治理业,证监会行业分类,2026-07-28
300665,c26,C26化学原料和化学制品制造业,证监会行业分类,2026-07-28
300666,c39,C39计算机、通信和其他电子设备制造业,证监会行业分类,2026-07-28
300667,c40,C40仪器仪表制造业,证监会行业分类,2026-07-28
300668,l72,L72商务服务业,证监会行业分类,2026-07-28
300669,c34,C34通用设备制造业,证监会行业分类,2026-07-28
300670,c38,C38电气机械和器材制造业,证监会行业分类,2026-07-28
300671,i65,I65软件和信息技术服务业,证监会行业分类,2026-07-28
300672,c39,C39计算机、通信和其他电子设备制造业,证监会行业分类,2026-07-28
300673,c13,C13农副食品加工业,证监会行业分类,2026-07-28
300674,i65,I65软件和信息技术服务业,证监会行业分类,2026-07-28
300675,m74,M74专业技术服务业,证监会行业分类,2026-07-28
300676,m74,M74专业技术服务业,证监会行业分类,2026-07-28
300677,c29,C29橡胶和塑料制品业,证监会行业分类,2026-07-28
300678,i65,I65软件和信息技术服务业,证监会行业分类,2026-07-28
300679,c39,C39计算机、通信和其他电子设备制造业,证监会行业分类,2026-07-28
300680,c36,C36汽车制造业,证监会行业分类,2026-07-28
300681,c36,C36汽车制造业,证监会行业分类,2026-07-28
300682,i65,I65软件和信息技术服务业,证监会行业分类,2026-07-28
300683,c27,C27医药制造业,证监会行业分类,2026-07-28
300684,c39,C39计算机、通信和其他电子设备制造业,证监会行业分类,2026-07-28
300685,c27,C27医药制造业,证监会行业分类,2026-07-28
300686,c39,C39计算机、通信和其他电子设备制造业,证监会行业分类,2026-07-28
300687,i65,I65软件和信息技术服务业,证监会行业分类,2026-07-28
300688,l72,L72商务服务业,证监会行业分类,2026-07-28
300689,c39,C39计算机、通信和其他电子设备制造业,证监会行业分类,2026-07-28
300690,c30,C30非金属矿物制品业,证监会行业分类,2026-07-28
300691,c39,C39计算机、通信和其他电子设备制造业,证监会行业分类,2026-07-28
300692,n77,N77生态保护和环境治理业,证监会行业分类,2026-07-28
300693,c38,C38电气机械和器材制造业,证监会行业分类,2026-07-28
300694,c36,C36汽车制造业,证监会行业分类,2026-07-28
300695,c36,C36汽车制造业,证监会行业分类,2026-07-28
300696,c37,C37铁路、船舶、航空航天和其他运输设备制造业,证监会行业分类,2026-07-28
300697,c32,C32有色金属冶炼和压延加工业,证监会行业分类,2026-07-28
300698,c39,C39计算机、通信和其他电子设备制造业,证监会行业分类,2026-07-28
300699,c28,C28化学纤维制造业,证监会行业分类,2026-07-28
300700,c30,C30非金属矿物制品业,证监会行业分类,2026-07-28
300701,c39,C39计算机、通信和其他电子设备制造业,证监会行业分类,2026-07-28
300702,c27,C27医药制造业,证监会行业分类,2026-07-28
300703,c24,C24文教、工美、体育和娱乐用品制造业,证监会行业分类,2026-07-28
300705,c27,C27医药制造业,证监会行业分类,2026-07-28
300706,c39,C39计算机、通信和其他电子设备制造业,证监会行业分类,2026-07-28
300707,c35,C35专用设备制造业,证监会行业分类,2026-07-28
300708,c39,C39计算机、通信和其他电子设备制造业,证监会行业分类,2026-07-28
300709,c39,C39计算机、通信和其他电子设备制造业,证监会行业分类,2026-07-28
300710,c39,C39计算机、通信和其他电子设备制造业,证监会行业分类,2026-07-28
300711,c39,C39计算机、通信和其他电子设备制造业,证监会行业分类,2026-07-28
300712,e48,E48土木工程建筑业,证监会行业分类,2026-07-28
300713,c38,C38电气机械和器材制造业,证监会行业分类,2026-07-28
300715,c30,C30非金属矿物制品业,证监会行业分类,2026-07-28
300716,c29,C29橡胶和塑料制品业,证监会行业分类,2026-07-28
300717,c29,C29橡胶和塑料制品业,证监会行业分类,2026-07-28
300718,c34,C34通用设备制造业,证监会行业分类,2026-07-28
300719,c37,C37铁路、船舶、航空航天和其他运输设备制造业,证监会行业分类,2026-07-28
300720,c40,C40仪器仪表制造业,证监会行业分类,2026-07-28
300721,c26,C26化学原料和化学制品制造业,证监会行业分类,2026-07-28
300722,c41,C41其他制造业,证监会行业分类,2026-07-28
300723,c27,C27医药制造业,证监会行业分类,2026-07-28
300724,c35,C35专用设备制造业,证监会行业分类,2026-07-28
300725,m73,M73研究和试验发展,证监会行业分类,2026-07-28
300726,c39,C39计算机、通信和其他电子设备制造业,证监会行业分类,2026-07-28
300727,c26,C26化学原料和化学制品制造业,证监会行业分类,2026-07-28
300729,c21,C21家具制造业,证监会行业分类,2026-07-28
300730,i65,I65软件和信息技术服务业,证监会行业分类,2026-07-28
300731,c29,C29橡胶和塑料制品业,证监会行业分类,2026-07-28
300732,m74,M74专业技术服务业,证监会行业分类,2026-07-28
300733,c36,C36汽车制造业,证监会行业分类,2026-07-28
300735,c39,C39计算机、通信和其他电子设备制造业,证监会行业分类,2026-07-28
300736,o81,O81机动车、电子产品和日用产品修理业,证监会行业分类,2026-07-28
300737,c30,C30非金属矿物制品业,证监会行业分类,2026-07-28
300738,i65,I65软件和信息技术服务业,证监会行业分类,2026-07-28
300739,c39,C39计算机、通信和其他电子设备制造业,证监会行业分类,2026-07-28
300740,c26,C26化学原料和化学制品制造业,证监会行业分类,2026-07-28
300741,c26,C26化学原料和化学制品制造业,证监会行业分类,2026-07-28
300743,c39,C39计算机、通信和其他电子设备制造业,证监会行业分类,2026-07-28
300745,c36,C36汽车制造业,证监会行业分类,2026-07-28
300746,m74,M74专业技术服务业,证监会行业分类,2026-07-28
300747,c39,C39计算机、通信和其他电子设备制造业,证监会行业分类,2026-07-28
300748,c30,C30非金属矿物制品业,证监会行业分类,2026-07-28
300749,c21,C21家具制造业,证监会行业分类,2026-07-28
300750,c38,C38电气机械和器材制造业,证监会行业分类,2026-07-28
300751,c35,C35专用设备制造业,证监会行业分类,2026-07-28
300752,c39,C39计算机、通信和其他电子设备制造业,证监会行业分类,2026-07-28
300753,c35,C35专用设备制造业,证监会行业分类,2026-07-28
300755,f51,F51批发业,证监会行业分类,2026-07-28
300756,c24,C24文教、工美、体育和娱乐用品制造业,证监会行业分类,2026-07-28
300757,c35,C35专用设备制造业,证监会行业分类,2026-07-28
300758,c26,C26化学原料和化学制品制造业,证监会行业分类,2026-07-28
300759,m73,M73研究和试验发展,证监会行业分类,2026-07-28
300760,c35,C35专用设备制造业,证监会行业分类,2026-07-28
300761,a03,A03畜牧业,证监会行业分类,2026-07-28
300762,c39,C39计算机、通信和其他电子设备制造业,证监会行业分类,2026-07-28
300763,c38,C38电气机械和器材制造业,证监会行业分类,2026-07-28
300765,c14,C14食品制造业,证监会行业分类,2026-07-28
300766,i64,I64互联网和相关服务,证监会行业分类,2026-07-28
300767,c29,C29橡胶和塑料制品业,证监会行业分类,2026-07-28
300768,i65,I65软件和信息技术服务业,证监会行业分类,2026-07-28
300769,c39,C39计算机、通信和其他电子设备制造业,证监会行业分类,2026-07-28
300770,i63,I63电信、广播电视和卫星传输服务,证监会行业分类,2026-07-28
300771,c35,C35专用设备制造业,证监会行业分类,2026-07-28
300772,c34,C34通用设备制造业,证监会行业分类,2026-07-28
300773,i65,I65软件和信息技术服务业,证监会行业分类,2026-07-28
300774,n77,N77生态保护和环境治理业,证监会行业分类,2026-07-28
300775,c37,C37铁路、船舶、航空航天和其他运输设备制造业,证监会行业分类,2026-07-28
300776,c35,C35专用设备制造业,证监会行业分类,2026-07-28
300777,c28,C28化学纤维制造业,证监会行业分类,2026-07-28
300778,m74,M74专业技术服务业,证监会行业分类,2026-07-28
300779,c42,C42废弃资源综合利用业,证监会行业分类,2026-07-28
300780,c34,C34通用设备制造业,证监会行业分类,2026-07-28
300781,l72,L72商务服务业,证监会行业分类,2026-07-28
300782,c39,C39计算机、通信和其他电子设备制造业,证监会行业分类,2026-07-28
300783,f52,F52零售业,证监会行业分类,2026-07-28
300784,c29,C29橡胶和塑料制品业,证监会行业分类,2026-07-28
300785,i64,I64互联网和相关服务,证监会行业分类,2026-07-28
300786,c35,C35专用设备制造业,证监会行业分类,2026-07-28
300787,c39,C39计算机、通信和其他电子设备制造业,证监会行业分类,2026-07-28
300788,r86,R86新闻和出版业,证监会行业分类,2026-07-28
300789,i65,I65软件和信息技术服务业,证监会行业分类,2026-07-28
300790,c39,C39计算机、通信和其他电子设备制造业,证监会行业分类,2026-07-28
300791,c14,C14食品制造业,证监会行业分类,2026-07-28
300792,i64,I64互联网和相关服务,证监会行业分类,2026-07-28
300793,c39,C39计算机、通信和其他电子设备制造业,证监会行业分类,2026-07-28
300795,l72,L72商务服务业,证监会行业分类,2026-07-28
300796,c26,C26化学原料和化学制品制造业,证监会行业分类,2026-07-28
300797,m74,M74专业技术服务业,证监会行业分类,2026-07-28
300798,c26,C26化学原料和化学制品制造业,证监会行业分类,2026-07-28
300800,c40,C40仪器仪表制造业,证监会行业分类,2026-07-28
300801,c26,C26化学原料和化学制品制造业,证监会行业分类,2026-07-28
300802,c39,C39计算机、通信和其他电子设备制造业,证监会行业分类,2026-07-28
300803,j69,J69其他金融业,证监会行业分类,2026-07-28
300804,c26,C26化学原料和化学制品制造业,证监会行业分类,2026-07-28
300805,l72,L72商务服务业,证监会行业分类,2026-07-28
300806,c29,C29橡胶和塑料制品业,证监会行业分类,2026-07-28
300807,c39,C39计算机、通信和其他电子设备制造业,证监会行业分类,2026-07-28
300808,c38,C38电气机械和器材制造业,证监会行业分类,2026-07-28
300809,c34,C34通用设备制造业,证监会行业分类,2026-07-28
300810,i65,I65软件和信息技术服务业,证监会行业分类,2026-07-28
300811,c39,C39计算机、通信和其他电子设备制造业,证监会行业分类,2026-07-28
300812,c35,C35专用设备制造业,证监会行业分类,2026-07-28
300813,c35,C35专用设备制造业,证监会行业分类,2026-07-28
300814,c39,C39计算机、通信和其他电子设备制造业,证监会行业分类,2026-07-28
300815,n78,N78公共设施管理业,证监会行业分类,2026-07-28
300816,n77,N77生态保护和环境治理业,证监会行业分类,2026-07-28
300817,c34,C34通用设备制造业,证监会行业分类,2026-07-28
300818,c35,C35专用设备制造业,证监会行业分类,2026-07-28
300819,c17,C17纺织业,证监会行业分类,2026-07-28
300820,c38,C38电气机械和器材制造业,证监会行业分类,2026-07-28
300821,c26,C26化学原料和化学制品制造业,证监会行业分类,2026-07-28
300822,c39,C39计算机、通信和其他电子设备制造业,证监会行业分类,2026-07-28
300823,c35,C35专用设备制造业,证监会行业分类,2026-07-28
300824,c38,C38电气机械和器材制造业,证监会行业分类,2026-07-28
300825,m74,M74专业技术服务业,证监会行业分类,2026-07-28
300826,m74,M74专业技术服务业,证监会行业分类,2026-07-28
300827,c38,C38电气机械和器材制造业,证监会行业分类,2026-07-28
300828,c39,C39计算机、通信和其他电子设备制造业,证监会行业分类,2026-07-28
300829,c14,C14食品制造业,证监会行业分类,2026-07-28
300830,i65,I65软件和信息技术服务业,证监会行业分类,2026-07-28
300831,c39,C39计算机、通信和其他电子设备制造业,证监会行业分类,2026-07-28
300832,c27,C27医药制造业,证监会行业分类,2026-07-28
300833,c38,C38电气机械和器材制造业,证监会行业分类,2026-07-28
300834,c26,C26化学原料和化学制品制造业,证监会行业分类,2026-07-28
300835,c39,C39计算机、通信和其他电子设备制造业,证监会行业分类,2026-07-28
300836,c35,C35专用设备制造业,证监会行业分类,2026-07-28
300837,c35,C35专用设备制造业,证监会行业分类,2026-07-28
300838,c34,C34通用设备制造业,证监会行业分类,2026-07-28
300839,c25,C25石油、煤炭及其他燃料加工业,证监会行业分类,2026-07-28
300840,c18,C18纺织服装、服饰业,证监会行业分类,2026-07-28
300841,c27,C27医药制造业,证监会行业分类,2026-07-28
300842,c39,C39计算机、通信和其他电子设备制造业,证监会行业分类,2026-07-28
300843,c39,C39计算机、通信和其他电子设备制造业,证监会行业分类,2026-07-28
300844,m74,M74专业技术服务业,证监会行业分类,2026-07-28
300845,i65,I65软件和信息技术服务业,证监会行业分类,2026-07-28
300846,i65,I65软件和信息技术服务业,证监会行业分类,2026-07-28
300847,c39,C39计算机、通信和其他电子设备制造业,证监会行业分类,2026-07-28
300848,c26,C26化学原料和化学制品制造业,证监会行业分类,2026-07-28
300849,c29,C29橡胶和塑料制品业,证监会行业分类,2026-07-28
300850,c34,C34通用设备制造业,证监会行业分类,2026-07-28
300851,i65,I65软件和信息技术服务业,证监会行业分类,2026-07-28
300852,c39,C39计算机、通信和其他电子设备制造业,证监会行业分类,2026-07-28
300853,c34,C34通用设备制造业,证监会行业分类,2026-07-28
300854,n77,N77生态保护和环境治理业,证监会行业分类,2026-07-28
300855,c32,C32有色金属冶炼和压延加工业,证监会行业分类,2026-07-28
300856,c26,C26化学原料和化学制品制造业,证监会行业分类,2026-07-28
300857,c39,C39计算机、通信和其他电子设备制造业,证监会行业分类,2026-07-28
300858,c14,C14食品制造业,证监会行业分类,2026-07-28
300859,n78,N78公共设施管理业,证监会行业分类,2026-07-28
300860,r88,R88文化艺术业,证监会行业分类,2026-07-28
300861,c30,C30非金属矿物制品业,证监会行业分类,2026-07-28
300862,c40,C40仪器仪表制造业,证监会行业分类,2026-07-28
300863,c36,C36汽车制造业,证监会行业分类,2026-07-28
300864,l72,L72商务服务业,证监会行业分类,2026-07-28
300865,c35,C35专用设备制造业,证监会行业分类,2026-07-28
300866,c39,C39计算机、通信和其他电子设备制造业,证监会行业分类,2026-07-28
300867,n77,N77生态保护和环境治理业,证监会行业分类,2026-07-28
300868,c29,C29橡胶和塑料制品业,证监会行业分类,2026-07-28
300869,c35,C35专用设备制造业,证监会行业分类,2026-07-28
300870,c39,C39计算机、通信和其他电子设备制造业,证监会行业分类,2026-07-28
300871,c27,C27医药制造业,证监会行业分类,2026-07-28
300872,i65,I65软件和信息技术服务业,证监会行业分类,2026-07-28
300873,g58,G58多式联运和运输代理业,证监会行业分类,2026-07-28
300875,c35,C35专用设备制造业,证监会行业分类,2026-07-28
300876,c28,C28化学纤维制造业,证监会行业分类,2026-07-28
300877,c17,C17纺织业,证监会行业分类,2026-07-28
300878,c27,C27医药制造业,证监会行业分类,2026-07-28
300879,c35,C35专用设备制造业,证监会行业分类,2026-07-28
300880,c40,C40仪器仪表制造业,证监会行业分类,2026-07-28
300881,c33,C33金属制品业,证监会行业分类,2026-07-28
300882,c40,C40仪器仪表制造业,证监会行业分类,2026-07-28
300883,c22,C22造纸和纸制品业,证监会行业分类,2026-07-28
300884,c39,C39计算机、通信和其他电子设备制造业,证监会行业分类,2026-07-28
300885,c33,C33金属制品业,证监会行业分类,2026-07-28
300886,c26,C26化学原料和化学制品制造业,证监会行业分类,2026-07-28
300887,m74,M74专业技术服务业,证监会行业分类,2026-07-28
300888,c17,C17纺织业,证监会行业分类,2026-07-28
300889,c38,C38电气机械和器材制造业,证监会行业分类,2026-07-28
300890,c30,C30非金属矿物制品业,证监会行业分类,2026-07-28
300891,c26,C26化学原料和化学制品制造业,证监会行业分类,2026-07-28
300892,f52,F52零售业,证监会行业分类,2026-07-28
300893,c36,C36汽车制造业,证监会行业分类,2026-07-28
300894,c38,C38电气机械和器材制造业,证监会行业分类,2026-07-28
300895,i65,I65软件和信息技术服务业,证监会行业分类,2026-07-28
300896,c35,C35专用设备制造业,证监会行业分类,2026-07-28
300897,c40,C40仪器仪表制造业,证监会行业分类,2026-07-28
300898,c14,C14食品制造业,证监会行业分类,2026-07-28
300899,n77,N77生态保护和环境治理业,证监会行业分类,2026-07-28
300900,c37,C37铁路、船舶、航空航天和其他运输设备制造业,证监会行业分类,2026-07-28
300901,m74,M74专业技术服务业,证监会行业分类,2026-07-28
300902,c35,C35专用设备制造业,证监会行业分类,2026-07-28
300903,c39,C39计算机、通信和其他电子设备制造业,证监会行业分类,2026-07-28
300904,c34,C34通用设备制造业,证监会行业分类,2026-07-28
300905,c29,C29橡胶和塑料制品业,证监会行业分类,2026-07-28
300906,c37,C37铁路、船舶、航空航天和其他运输设备制造业,证监会行业分类,2026-07-28
300907,c38,C38电气机械和器材制造业,证监会行业分类,2026-07-28
300908,c14,C14食品制造业,证监会行业分类,2026-07-28
300909,c39,C39计算机、通信和其他电子设备制造业,证监会行业分类,2026-07-28
300910,c26,C26化学原料和化学制品制造业,证监会行业分类,2026-07-28
300911,c38,C38电气机械和器材制造业,证监会行业分类,2026-07-28
300912,n77,N77生态保护和环境治理业,证监会行业分类,2026-07-28
300913,c38,C38电气机械和器材制造业,证监会行业分类,2026-07-28
300915,c14,C14食品制造业,证监会行业分类,2026-07-28
300916,c39,C39计算机、通信和其他电子设备制造业,证监会行业分类,2026-07-28
300917,k70,K70房地产业,证监会行业分类,2026-07-28
300918,c17,C17纺织业,证监会行业分类,2026-07-28
300919,c39,C39计算机、通信和其他电子设备制造业,证监会行业分类,2026-07-28
300920,c29,C29橡胶和塑料制品业,证监会行业分类,2026-07-28
300921,i64,I64互联网和相关服务,证监会行业分类,2026-07-28
300922,c41,C41其他制造业,证监会行业分类,2026-07-28
300923,c37,C37铁路、船舶、航空航天和其他运输设备制造业,证监会行业分类,2026-07-28
300925,i65,I65软件和信息技术服务业,证监会行业分类,2026-07-28
300926,c36,C36汽车制造业,证监会行业分类,2026-07-28
300927,c26,C26化学原料和化学制品制造业,证监会行业分类,2026-07-28
300928,m74,M74专业技术服务业,证监会行业分类,2026-07-28
300929,n77,N77生态保护和环境治理业,证监会行业分类,2026-07-28
300930,c42,C42废弃资源综合利用业,证监会行业分类,2026-07-28
300931,c34,C34通用设备制造业,证监会行业分类,2026-07-28
300932,c38,C38电气机械和器材制造业,证监会行业分类,2026-07-28
300933,c38,C38电气机械和器材制造业,证监会行业分类,2026-07-28
300935,i65,I65软件和信息技术服务业,证监会行业分类,2026-07-28
300936,c39,C39计算机、通信和其他电子设备制造业,证监会行业分类,2026-07-28
300937,f51,F51批发业,证监会行业分类,2026-07-28
300938,m74,M74专业技术服务业,证监会行业分类,2026-07-28
300939,c39,C39计算机、通信和其他电子设备制造业,证监会行业分类,2026-07-28
300940,c39,C39计算机、通信和其他电子设备制造业,证监会行业分类,2026-07-28
300941,i65,I65软件和信息技术服务业,证监会行业分类,2026-07-28
300942,c27,C27医药制造业,证监会行业分类,2026-07-28
300943,c34,C34通用设备制造业,证监会行业分类,2026-07-28
300945,f52,F52零售业,证监会行业分类,2026-07-28
300946,c33,C33金属制品业,证监会行业分类,2026-07-28
300947,l72,L72商务服务业,证监会行业分类,2026-07-28
300948,n77,N77生态保护和环境治理业,证监会行业分类,2026-07-28
300949,m74,M74专业技术服务业,证监会行业分类,2026-07-28
300950,c35,C35专用设备制造业,证监会行业分类,2026-07-28
300951,c39,C39计算机、通信和其他电子设备制造业,证监会行业分类,2026-07-28
300952,c17,C17纺织业,证监会行业分类,2026-07-28
300953,c33,C33金属制品业,证监会行业分类,2026-07-28
300955,c26,C26化学原料和化学制品制造业,证监会行业分类,2026-07-28
300956,c39,C39计算机、通信和其他电子设备制造业,证监会行业分类,2026-07-28
300957,c26,C26化学原料和化学制品制造业,证监会行业分类,2026-07-28
300958,n77,N77生态保护和环境治理业,证监会行业分类,2026-07-28
300959,i65,I65软件和信息技术服务业,证监会行业分类,2026-07-28
300960,c37,C37铁路、船舶、航空航天和其他运输设备制造业,证监会行业分类,2026-07-28
300961,n77,N77生态保护和环境治理业,证监会行业分类,2026-07-28
300962,c41,C41其他制造业,证监会行业分类,2026-07-28
300963,c32,C32有色金属冶炼和压延加工业,证监会行业分类,2026-07-28
300964,c39,C39计算机、通信和其他电子设备制造业,证监会行业分类,2026-07-28
300965,c39,C39计算机、通信和其他电子设备制造业,证监会行业分类,2026-07-28
300966,c27,C27医药制造业,证监会行业分类,2026-07-28
300967,a03,A03畜牧业,证监会行业分类,2026-07-28
300968,c39,C39计算机、通信和其他电子设备制造业,证监会行业分类,2026-07-28
300969,c36,C36汽车制造业,证监会行业分类,2026-07-28
300970,a01,A01农业,证监会行业分类,2026-07-28
300971,c34,C34通用设备制造业,证监会行业分类,2026-07-28
300972,f52,F52零售业,证监会行业分类,2026-07-28
300973,c14,C14食品制造业,证监会行业分类,2026-07-28
300975,f51,F51批发业,证监会行业分类,2026-07-28
300976,c39,C39计算机、通信和其他电子设备制造业,证监会行业分类,2026-07-28
300977,m74,M74专业技术服务业,证监会行业分类,2026-07-28
300978,c36,C36汽车制造业,证监会行业分类,2026-07-28
300979,c19,C19皮革、毛皮、羽毛及其制品和制鞋业,证监会行业分类,2026-07-28
300980,c29,C29橡胶和塑料制品业,证监会行业分类,2026-07-28
300981,c29,C29橡胶和塑料制品业,证监会行业分类,2026-07-28
300982,e48,E48土木工程建筑业,证监会行业分类,2026-07-28
300983,m74,M74专业技术服务业,证监会行业分类,2026-07-28
300984,c34,C34通用设备制造业,证监会行业分类,2026-07-28
300985,c33,C33金属制品业,证监会行业分类,2026-07-28
300986,c33,C33金属制品业,证监会行业分类,2026-07-28
300987,i64,I64互联网和相关服务,证监会行业分类,2026-07-28
300988,c33,C33金属制品业,证监会行业分类,2026-07-28
300989,m74,M74专业技术服务业,证监会行业分类,2026-07-28
300990,c34,C34通用设备制造业,证监会行业分类,2026-07-28
300991,c39,C39计算机、通信和其他电子设备制造业,证监会行业分类,2026-07-28
300992,c34,C34通用设备制造业,证监会行业分类,2026-07-28
300993,c17,C17纺织业,证监会行业分类,2026-07-28
300994,c37,C37铁路、船舶、航空航天和其他运输设备制造业,证监会行业分类,2026-07-28
300995,c29,C29橡胶和塑料制品业,证监会行业分类,2026-07-28
300996,i65,I65软件和信息技术服务业,证监会行业分类,2026-07-28
300997,c15,C15酒、饮料和精制茶制造业,证监会行业分类,2026-07-28
300998,c35,C35专用设备制造业,证监会行业分类,2026-07-28
300999,c13,C13农副食品加工业,证监会行业分类,2026-07-28
301000,c29,C29橡胶和塑料制品业,证监会行业分类,2026-07-28
301001,f52,F52零售业,证监会行业分类,2026-07-28
301002,c39,C39计算机、通信和其他电子设备制造业,证监会行业分类,2026-07-28
301003,c29,C29橡胶和塑料制品业,证监会行业分类,2026-07-28
301004,c33,C33金属制品业,证监会行业分类,2026-07-28
301005,c36,C36汽车制造业,证监会行业分类,2026-07-28
301006,c40,C40仪器仪表制造业,证监会行业分类,2026-07-28
301007,c36,C36汽车制造业,证监会行业分类,2026-07-28
301008,c38,C38电气机械和器材制造业,证监会行业分类,2026-07-28
301009,c22,C22造纸和纸制品业,证监会行业分类,2026-07-28
301010,c30,C30非金属矿物制品业,证监会行业分类,2026-07-28
301011,c24,C24文教、工美、体育和娱乐用品制造业,证监会行业分类,2026-07-28
301012,c38,C38电气机械和器材制造业,证监会行业分类,2026-07-28
301013,c35,C35专用设备制造业,证监会行业分类,2026-07-28
301015,f51,F51批发业,证监会行业分类,2026-07-28
301016,c37,C37铁路、船舶、航空航天和其他运输设备制造业,证监会行业分类,2026-07-28
301017,f52,F52零售业,证监会行业分类,2026-07-28
301018,c35,C35专用设备制造业,证监会行业分类,2026-07-28
301019,c29,C29橡胶和塑料制品业,证监会行业分类,2026-07-28
301020,c34,C34通用设备制造业,证监会行业分类,2026-07-28
301021,c39,C39计算机、通信和其他电子设备制造业,证监会行业分类,2026-07-28
301022,c35,C35专用设备制造业,证监会行业分类,2026-07-28
301023,c34,C34通用设备制造业,证监会行业分类,2026-07-28
301024,m74,M74专业技术服务业,证监会行业分类,2026-07-28
301025,r86,R86新闻和出版业,证监会行业分类,2026-07-28
301026,c42,C42废弃资源综合利用业,证监会行业分类,2026-07-28
301027,m74,M74专业技术服务业,证监会行业分类,2026-07-28
301028,c34,C34通用设备制造业,证监会行业分类,2026-07-28
301029,c34,C34通用设备制造业,证监会行业分类,2026-07-28
301030,c35,C35专用设备制造业,证监会行业分类,2026-07-28
301031,c38,C38电气机械和器材制造业,证监会行业分类,2026-07-28
301032,c34,C34通用设备制造业,证监会行业分类,2026-07-28
301033,c35,C35专用设备制造业,证监会行业分类,2026-07-28
301035,c26,C26化学原料和化学制品制造业,证监会行业分类,2026-07-28
301036,c26,C26化学原料和化学制品制造业,证监会行业分类,2026-07-28
301037,c26,C26化学原料和化学制品制造业,证监会行业分类,2026-07-28
301038,m74,M74专业技术服务业,证监会行业分类,2026-07-28
301039,c36,C36汽车制造业,证监会行业分类,2026-07-28
301040,c33,C33金属制品业,证监会行业分类,2026-07-28
301041,c39,C39计算机、通信和其他电子设备制造业,证监会行业分类,2026-07-28
301042,c39,C39计算机、通信和其他电子设备制造业,证监会行业分类,2026-07-28
301043,c34,C34通用设备制造业,证监会行业分类,2026-07-28
301045,c39,C39计算机、通信和其他电子设备制造业,证监会行业分类,2026-07-28
301046,e48,E48土木工程建筑业,证监会行业分类,2026-07-28
301047,m73,M73研究和试验发展,证监会行业分类,2026-07-28
301048,c37,C37铁路、船舶、航空航天和其他运输设备制造业,证监会行业分类,2026-07-28
301049,n77,N77生态保护和环境治理业,证监会行业分类,2026-07-28
301050,c39,C39计算机、通信和其他电子设备制造业,证监会行业分类,2026-07-28
301051,c39,C39计算机、通信和其他电子设备制造业,证监会行业分类,2026-07-28
301052,r86,R86新闻和出版业,证监会行业分类,2026-07-28
301053,c35,C35专用设备制造业,证监会行业分类,2026-07-28
301055,c33,C33金属制品业,证监会行业分类,2026-07-28
301056,c34,C34通用设备制造业,证监会行业分类,2026-07-28
301057,c28,C28化学纤维制造业,证监会行业分类,2026-07-28
301058,m74,M74专业技术服务业,证监会行业分类,2026-07-28
301059,c26,C26化学原料和化学制品制造业,证监会行业分类,2026-07-28
301060,f51,F51批发业,证监会行业分类,2026-07-28
301061,c21,C21家具制造业,证监会行业分类,2026-07-28
301062,c22,C22造纸和纸制品业,证监会行业分类,2026-07-28
301063,c33,C33金属制品业,证监会行业分类,2026-07-28
301065,c26,C26化学原料和化学制品制造业,证监会行业分类,2026-07-28
301066,c18,C18纺织服装、服饰业,证监会行业分类,2026-07-28
301067,c39,C39计算机、通信和其他电子设备制造业,证监会行业分类,2026-07-28
301068,c42,C42废弃资源综合利用业,证监会行业分类,2026-07-28
301069,c26,C26化学原料和化学制品制造业,证监会行业分类,2026-07-28
301070,c34,C34通用设备制造业,证监会行业分类,2026-07-28
301071,c30,C30非金属矿物制品业,证监会行业分类,2026-07-28
301072,c36,C36汽车制造业,证监会行业分类,2026-07-28
301073,h61,H61住宿业,证监会行业分类,2026-07-28
301075,c27,C27医药制造业,证监会行业分类,2026-07-28
301076,c26,C26化学原料和化学制品制造业,证监会行业分类,2026-07-28
301077,c26,C26化学原料和化学制品制造业,证监会行业分类,2026-07-28
301078,f52,F52零售业,证监会行业分类,2026-07-28
301079,c34,C34通用设备制造业,证监会行业分类,2026-07-28
301080,m73,M73研究和试验发展,证监会行业分类,2026-07-28
301081,c35,C35专用设备制造业,证监会行业分类,2026-07-28
301082,c38,C38电气机械和器材制造业,证监会行业分类,2026-07-28
301083,c35,C35专用设备制造业,证监会行业分类,2026-07-28
301085,i65,I65软件和信息技术服务业,证监会行业分类,2026-07-28
301086,c39,C39计算机、通信和其他电子设备制造业,证监会行业分类,2026-07-28
301087,c35,C35专用设备制造业,证监会行业分类,2026-07-28
301088,f52,F52零售业,证监会行业分类,2026-07-28
301089,c27,C27医药制造业,证监会行业分类,2026-07-28
301090,c26,C26化学原料和化学制品制造业,证监会行业分类,2026-07-28
301091,m74,M74专业技术服务业,证监会行业分类,2026-07-28
301092,c26,C26化学原料和化学制品制造业,证监会行业分类,2026-07-28
301093,c27,C27医药制造业,证监会行业分类,2026-07-28
301095,i65,I65软件和信息技术服务业,证监会行业分类,2026-07-28
301096,m73,M73研究和试验发展,证监会行业分类,2026-07-28
301097,c35,C35专用设备制造业,证监会行业分类,2026-07-28
301098,e48,E48土木工程建筑业,证监会行业分类,2026-07-28
301099,f51,F51批发业,证监会行业分类,2026-07-28
301100,c26,C26化学原料和化学制品制造业,证监会行业分类,2026-07-28
301101,c35,C35专用设备制造业,证监会行业分类,2026-07-28
301102,l72,L72商务服务业,证监会行业分类,2026-07-28
301103,q84,Q84卫生,证监会行业分类,2026-07-28
301105,c34,C34通用设备制造业,证监会行业分类,2026-07-28
301106,c39,C39计算机、通信和其他电子设备制造业,证监会行业分类,2026-07-28
301107,c34,C34通用设备制造业,证监会行业分类,2026-07-28
301108,c26,C26化学原料和化学制品制造业,证监会行业分类,2026-07-28
301109,n77,N77生态保护和环境治理业,证监会行业分类,2026-07-28
301110,i64,I64互联网和相关服务,证监会行业分类,2026-07-28
301111,c27,C27医药制造业,证监会行业分类,2026-07-28
301112,c35,C35专用设备制造业,证监会行业分类,2026-07-28
301113,c21,C21家具制造业,证监会行业分类,2026-07-28
301115,m74,M74专业技术服务业,证监会行业分类,2026-07-28
301116,c13,C13农副食品加工业,证监会行业分类,2026-07-28
301117,i65,I65软件和信息技术服务业,证监会行业分类,2026-07-28
301118,c26,C26化学原料和化学制品制造业,证监会行业分类,2026-07-28
301119,c36,C36汽车制造业,证监会行业分类,2026-07-28
301120,c38,C38电气机械和器材制造业,证监会行业分类,2026-07-28
301121,c38,C38电气机械和器材制造业,证监会行业分类,2026-07-28
301122,c35,C35专用设备制造业,证监会行业分类,2026-07-28
301123,c39,C39计算机、通信和其他电子设备制造业,证监会行业分类,2026-07-28
301125,c34,C34通用设备制造业,证监会行业分类,2026-07-28
301126,f52,F52零售业,证监会行业分类,2026-07-28
301127,d46,D46水的生产和供应业,证监会行业分类,2026-07-28
301128,c35,C35专用设备制造业,证监会行业分类,2026-07-28
301129,c40,C40仪器仪表制造业,证监会行业分类,2026-07-28
301130,c27,C27医药制造业,证监会行业分类,2026-07-28
301131,c29,C29橡胶和塑料制品业,证监会行业分类,2026-07-28
301132,c39,C39计算机、通信和其他电子设备制造业,证监会行业分类,2026-07-28
301133,c36,C36汽车制造业,证监会行业分类,2026-07-28
301135,c39,C39计算机、通信和其他电子设备制造业,证监会行业分类,2026-07-28
301136,m74,M74专业技术服务业,证监会行业分类,2026-07-28
301137,c33,C33金属制品业,证监会行业分类,2026-07-28
301138,c35,C35专用设备制造业,证监会行业分类,2026-07-28
301139,i65,I65软件和信息技术服务业,证监会行业分类,2026-07-28
301141,c39,C39计算机、通信和其他电子设备制造业,证监会行业分类,2026-07-28
301148,n77,N77生态保护和环境治理业,证监会行业分类,2026-07-28
301149,c26,C26化学原料和化学制品制造业,证监会行业分类,2026-07-28
301150,c39,C39计算机、通信和其他电子设备制造业,证监会行业分类,2026-07-28
301151,c34,C34通用设备制造业,证监会行业分类,2026-07-28
301152,c39,C39计算机、通信和其他电子设备制造业,证监会行业分类,2026-07-28
301153,i65,I65软件和信息技术服务业,证监会行业分类,2026-07-28
301155,c38,C38电气机械和器材制造业,证监会行业分类,2026-07-28
301156,c14,C14食品制造业,证监会行业分类,2026-07-28
301157,c39,C39计算机、通信和其他电子设备制造业,证监会行业分类,2026-07-28
301158,c35,C35专用设备制造业,证监会行业分类,2026-07-28
301159,i65,I65软件和信息技术服务业,证监会行业分类,2026-07-28
301160,c33,C33金属制品业,证监会行业分类,2026-07-28
301161,c29,C29橡胶和塑料制品业,证监会行业分类,2026-07-28
301162,i65,I65软件和信息技术服务业,证监会行业分类,2026-07-28
301163,c33,C33金属制品业,证监会行业分类,2026-07-28
301165,c39,C39计算机、通信和其他电子设备制造业,证监会行业分类,2026-07-28
301166,f51,F51批发业,证监会行业分类,2026-07-28
301167,m74,M74专业技术服务业,证监会行业分类,2026-07-28
301168,c38,C38电气机械和器材制造业,证监会行业分类,2026-07-28
301169,l72,L72商务服务业,证监会行业分类,2026-07-28
301170,c36,C36汽车制造业,证监会行业分类,2026-07-28
301171,i64,I64互联网和相关服务,证监会行业分类,2026-07-28
301172,i65,I65软件和信息技术服务业,证监会行业分类,2026-07-28
301173,c36,C36汽车制造业,证监会行业分类,2026-07-28
301175,n78,N78公共设施管理业,证监会行业分类,2026-07-28
301176,c39,C39计算机、通信和其他电子设备制造业,证监会行业分类,2026-07-28
301177,f52,F52零售业,证监会行业分类,2026-07-28
301178,i65,I65软件和信息技术服务业,证监会行业分类,2026-07-28
301179,i65,I65软件和信息技术服务业,证监会行业分类,2026-07-28
301180,c39,C39计算机、通信和其他电子设备制造业,证监会行业分类,2026-07-28
301181,c36,C36汽车制造业,证监会行业分类,2026-07-28
301182,c39,C39计算机、通信和其他电子设备制造业,证监会行业分类,2026-07-28
301183,c39,C39计算机、通信和其他电子设备制造业,证监会行业分类,2026-07-28
301185,i65,I65软件和信息技术服务业,证监会行业分类,2026-07-28
301186,c35,C35专用设备制造业,证监会行业分类,2026-07-28
301187,c38,C38电气机械和器材制造业,证监会行业分类,2026-07-28
301188,c30,C30非金属矿物制品业,证监会行业分类,2026-07-28
301189,c39,C39计算机、通信和其他电子设备制造业,证监会行业分类,2026-07-28
301190,c26,C26化学原料和化学制品制造业,证监会行业分类,2026-07-28
301191,c39,C39计算机、通信和其他电子设备制造业,证监会行业分类,2026-07-28
301192,c36,C36汽车制造业,证监会行业分类,2026-07-28
301193,c29,C29橡胶和塑料制品业,证监会行业分类,2026-07-28
301195,i65,I65软件和信息技术服务业,证监会行业分类,2026-07-28
301196,c29,C29橡胶和塑料制品业,证监会行业分类,2026-07-28
301197,i65,I65软件和信息技术服务业,证监会行业分类,2026-07-28
301198,c29,C29橡胶和塑料制品业,证监会行业分类,2026-07-28
301199,c35,C35专用设备制造业,证监会行业分类,2026-07-28
301200,c35,C35专用设备制造业,证监会行业分类,2026-07-28
301201,c27,C27医药制造业,证监会行业分类,2026-07-28
301202,c33,C33金属制品业,证监会行业分类,2026-07-28
301203,n77,N77生态保护和环境治理业,证监会行业分类,2026-07-28
301205,c39,C39计算机、通信和其他电子设备制造业,证监会行业分类,2026-07-28
301206,c14,C14食品制造业,证监会行业分类,2026-07-28
301207,c27,C27医药制造业,证监会行业分类,2026-07-28
301208,i65,I65软件和信息技术服务业,证监会行业分类,2026-07-28
301209,c26,C26化学原料和化学制品制造业,证监会行业分类,2026-07-28
301210,c38,C38电气机械和器材制造业,证监会行业分类,2026-07-28
301211,c27,C27医药制造业,证监会行业分类,2026-07-28
301212,c26,C26化学原料和化学制品制造业,证监会行业分类,2026-07-28
301213,i65,I65软件和信息技术服务业,证监会行业分类,2026-07-28
301215,m74,M74专业技术服务业,证监会行业分类,2026-07-28
301216,c26,C26化学原料和化学制品制造业,证监会行业分类,2026-07-28
301217,c39,C39计算机、通信和其他电子设备制造业,证监会行业分类,2026-07-28
301218,i65,I65软件和信息技术服务业,证监会行业分类,2026-07-28
301219,c32,C32有色金属冶炼和压延加工业,证监会行业分类,2026-07-28
301220,c26,C26化学原料和化学制品制造业,证监会行业分类,2026-07-28
301221,i65,I65软件和信息技术服务业,证监会行业分类,2026-07-28
301222,c38,C38电气机械和器材制造业,证监会行业分类,2026-07-28
301223,c23,C23印刷和记录媒介复制业,证监会行业分类,2026-07-28
301225,c36,C36汽车制造业,证监会行业分类,2026-07-28
301226,c38,C38电气机械和器材制造业,证监会行业分类,2026-07-28
301227,c20,C20木材加工和木、竹、藤、棕、草制品业,证监会行业分类,2026-07-28
301228,m74,M74专业技术服务业,证监会行业分类,2026-07-28
301229,c36,C36汽车制造业,证监会行业分类,2026-07-28
301230,m73,M73研究和试验发展,证监会行业分类,2026-07-28
301231,r86,R86新闻和出版业,证监会行业分类,2026-07-28
301232,c34,C34通用设备制造业,证监会行业分类,2026-07-28
301233,c29,C29橡胶和塑料制品业,证监会行业分类,2026-07-28
301234,c35,C35专用设备制造业,证监会行业分类,2026-07-28
301235,e49,E49建筑安装业,证监会行业分类,2026-07-28
301236,i65,I65软件和信息技术服务业,证监会行业分类,2026-07-28
301237,c29,C29橡胶和塑料制品业,证监会行业分类,2026-07-28
301238,c26,C26化学原料和化学制品制造业,证监会行业分类,2026-07-28
301239,q84,Q84卫生,证监会行业分类,2026-07-28
301246,c27,C27医药制造业,证监会行业分类,2026-07-28
301248,i65,I65软件和信息技术服务业,证监会行业分类,2026-07-28
301251,c39,C39计算机、通信和其他电子设备制造业,证监会行业分类,2026-07-28
301252,c34,C34通用设备制造业,证监会行业分类,2026-07-28
301255,c34,C34通用设备制造业,证监会行业分类,2026-07-28
301256,c26,C26化学原料和化学制品制造业,证监会行业分类,2026-07-28
301257,m73,M73研究和试验发展,证监会行业分类,2026-07-28
301258,c27,C27医药制造业,证监会行业分类,2026-07-28
301259,n77,N77生态保护和环境治理业,证监会行业分类,2026-07-28
301260,c35,C35专用设备制造业,证监会行业分类,2026-07-28
301261,c34,C34通用设备制造业,证监会行业分类,2026-07-28
301262,i63,I63电信、广播电视和卫星传输服务,证监会行业分类,2026-07-28
301263,f51,F51批发业,证监会行业分类,2026-07-28
301265,c42,C42废弃资源综合利用业,证监会行业分类,2026-07-28
301266,c38,C38电气机械和器材制造业,证监会行业分类,2026-07-28
301267,q84,Q84卫生,证监会行业分类,2026-07-28
301268,c33,C33金属制品业,证监会行业分类,2026-07-28
301269,i65,I65软件和信息技术服务业,证监会行业分类,2026-07-28
301270,i65,I65软件和信息技术服务业,证监会行业分类,2026-07-28
301272,c34,C34通用设备制造业,证监会行业分类,2026-07-28
301273,c34,C34通用设备制造业,证监会行业分类,2026-07-28
301275,c39,C39计算机、通信和其他电子设备制造业,证监会行业分类,2026-07-28
301276,c18,C18纺织服装、服饰业,证监会行业分类,2026-07-28
301277,c27,C27医药制造业,证监会行业分类,2026-07-28
301278,c38,C38电气机械和器材制造业,证监会行业分类,2026-07-28
301279,c34,C34通用设备制造业,证监会行业分类,2026-07-28
301280,c39,C39计算机、通信和其他电子设备制造业,证监会行业分类,2026-07-28
301281,c27,C27医药制造业,证监会行业分类,2026-07-28
301282,c39,C39计算机、通信和其他电子设备制造业,证监会行业分类,2026-07-28
301283,c26,C26化学原料和化学制品制造业,证监会行业分类,2026-07-28
301285,c39,C39计算机、通信和其他电子设备制造业,证监会行业分类,2026-07-28
301286,c26,C26化学原料和化学制品制造业,证监会行业分类,2026-07-28
301287,c24,C24文教、工美、体育和娱乐用品制造业,证监会行业分类,2026-07-28
301288,c35,C35专用设备制造业,证监会行业分类,2026-07-28
301289,m74,M74专业技术服务业,证监会行业分类,2026-07-28
301290,c35,C35专用设备制造业,证监会行业分类,2026-07-28
301291,c38,C38电气机械和器材制造业,证监会行业分类,2026-07-28
301292,c26,C26化学原料和化学制品制造业,证监会行业分类,2026-07-28
301293,q84,Q84卫生,证监会行业分类,2026-07-28
301295,c38,C38电气机械和器材制造业,证监会行业分类,2026-07-28
301296,c22,C22造纸和纸制品业,证监会行业分类,2026-07-28
301297,m74,M74专业技术服务业,证监会行业分类,2026-07-28
301298,c36,C36汽车制造业,证监会行业分类,2026-07-28
301299,i64,I64互联网和相关服务,证监会行业分类,2026-07-28
301300,c26,C26化学原料和化学制品制造业,证监会行业分类,2026-07-28
301301,c27,C27医药制造业,证监会行业分类,2026-07-28
301302,i65,I65软件和信息技术服务业,证监会行业分类,2026-07-28
301303,c40,C40仪器仪表制造业,证监会行业分类,2026-07-28
301305,n77,N77生态保护和环境治理业,证监会行业分类,2026-07-28
301306,m74,M74专业技术服务业,证监会行业分类,2026-07-28
301307,c33,C33金属制品业,证监会行业分类,2026-07-28
301308,c39,C39计算机、通信和其他电子设备制造业,证监会行业分类,2026-07-28
301309,c34,C34通用设备制造业,证监会行业分类,2026-07-28
301310,c36,C36汽车制造业,证监会行业分类,2026-07-28
301311,c34,C34通用设备制造业,证监会行业分类,2026-07-28
301312,c35,C35专用设备制造业,证监会行业分类,2026-07-28
301313,i65,I65软件和信息技术服务业,证监会行业分类,2026-07-28
301314,c39,C39计算机、通信和其他电子设备制造业,证监会行业分类,2026-07-28
301315,i65,I65软件和信息技术服务业,证监会行业分类,2026-07-28
301316,i65,I65软件和信息技术服务业,证监会行业分类,2026-07-28
301317,c34,C34通用设备制造业,证监会行业分类,2026-07-28
301318,c39,C39计算机、通信和其他电子设备制造业,证监会行业分类,2026-07-28
301319,c39,C39计算机、通信和其他电子设备制造业,证监会行业分类,2026-07-28
301320,c38,C38电气机械和器材制造业,证监会行业分类,2026-07-28
301321,c39,C39计算机、通信和其他电子设备制造业,证监会行业分类,2026-07-28
301322,c37,C37铁路、船舶、航空航天和其他运输设备制造业,证监会行业分类,2026-07-28
301323,c29,C29橡胶和塑料制品业,证监会行业分类,2026-07-28
301325,c35,C35专用设备制造业,证监会行业分类,2026-07-28
301326,c39,C39计算机、通信和其他电子设备制造业,证监会行业分类,2026-07-28
301327,c38,C38电气机械和器材制造业,证监会行业分类,2026-07-28
301328,c39,C39计算机、通信和其他电子设备制造业,证监会行业分类,2026-07-28
301329,c39,C39计算机、通信和其他电子设备制造业,证监会行业分类,2026-07-28
301330,c39,C39计算机、通信和其他电子设备制造业,证监会行业分类,2026-07-28
301331,c27,C27医药制造业,证监会行业分类,2026-07-28
301332,c38,C38电气机械和器材制造业,证监会行业分类,2026-07-28
301333,m73,M73研究和试验发展,证监会行业分类,2026-07-28
301335,c41,C41其他制造业,证监会行业分类,2026-07-28
301336,c21,C21家具制造业,证监会行业分类,2026-07-28
301337,i65,I65软件和信息技术服务业,证监会行业分类,2026-07-28
301338,c35,C35专用设备制造业,证监会行业分类,2026-07-28
301339,i65,I65软件和信息技术服务业,证监会行业分类,2026-07-28
301345,c37,C37铁路、船舶、航空航天和其他运输设备制造业,证监会行业分类,2026-07-28
301348,c39,C39计算机、通信和其他电子设备制造业,证监会行业分类,2026-07-28
301349,c26,C26化学原料和化学制品制造业,证监会行业分类,2026-07-28
301353,c34,C34通用设备制造业,证监会行业分类,2026-07-28
301355,c22,C22造纸和纸制品业,证监会行业分类,2026-07-28
301356,c29,C29橡胶和塑料制品业,证监会行业分类,2026-07-28
301357,c41,C41其他制造业,证监会行业分类,2026-07-28
301358,c39,C39计算机、通信和其他电子设备制造业,证监会行业分类,2026-07-28
301359,c38,C38电气机械和器材制造业,证监会行业分类,2026-07-28
301360,c35,C35专用设备制造业,证监会行业分类,2026-07-28
301361,c38,C38电气机械和器材制造业,证监会行业分类,2026-07-28
301362,c38,C38电气机械和器材制造业,证监会行业分类,2026-07-28
301363,c35,C35专用设备制造业,证监会行业分类,2026-07-28
301365,m74,M74专业技术服务业,证监会行业分类,2026-07-28
301366,c39,C39计算机、通信和其他电子设备制造业,证监会行业分类,2026-07-28
301367,c35,C35专用设备制造业,证监会行业分类,2026-07-28
301368,c34,C34通用设备制造业,证监会行业分类,2026-07-28
301369,c35,C35专用设备制造业,证监会行业分类,2026-07-28
301370,f51,F51批发业,证监会行业分类,2026-07-28
301371,c26,C26化学原料和化学制品制造业,证监会行业分类,2026-07-28
301372,n77,N77生态保护和环境治理业,证监会行业分类,2026-07-28
301373,c26,C26化学原料和化学制品制造业,证监会行业分类,2026-07-28
301376,f52,F52零售业,证监会行业分类,2026-07-28
301377,c33,C33金属制品业,证监会行业分类,2026-07-28
301378,i65,I65软件和信息技术服务业,证监会行业分类,2026-07-28
301379,c39,C39计算机、通信和其他电子设备制造业,证监会行业分类,2026-07-28
301380,i65,I65软件和信息技术服务业,证监会行业分类,2026-07-28
301381,f52,F52零售业,证监会行业分类,2026-07-28
301382,i64,I64互联网和相关服务,证监会行业分类,2026-07-28
301383,c39,C39计算机、通信和其他电子设备制造业,证监会行业分类,2026-07-28
301386,c38,C38电气机械和器材制造业,证监会行业分类,2026-07-28
301387,c39,C39计算机、通信和其他电子设备制造业,证监会行业分类,2026-07-28
301388,c38,C38电气机械和器材制造业,证监会行业分类,2026-07-28
301389,c39,C39计算机、通信和其他电子设备制造业,证监会行业分类,2026-07-28
301390,m74,M74专业技术服务业,证监会行业分类,2026-07-28
301391,c39,C39计算机、通信和其他电子设备制造业,证监会行业分类,2026-07-28
301392,c34,C34通用设备制造业,证监会行业分类,2026-07-28
301393,c26,C26化学原料和化学制品制造业,证监会行业分类,2026-07-28
301395,c26,C26化学原料和化学制品制造业,证监会行业分类,2026-07-28
301396,i65,I65软件和信息技术服务业,证监会行业分类,2026-07-28
301397,c36,C36汽车制造业,证监会行业分类,2026-07-28
301398,c33,C33金属制品业,证监会行业分类,2026-07-28
301399,c34,C34通用设备制造业,证监会行业分类,2026-07-28
301408,f52,F52零售业,证监会行业分类,2026-07-28
301413,c39,C39计算机、通信和其他电子设备制造业,证监会行业分类,2026-07-28
301418,c38,C38电气机械和器材制造业,证监会行业分类,2026-07-28
301419,c39,C39计算机、通信和其他电子设备制造业,证监会行业分类,2026-07-28
301421,c40,C40仪器仪表制造业,证监会行业分类,2026-07-28
301428,i64,I64互联网和相关服务,证监会行业分类,2026-07-28
301429,c26,C26化学原料和化学制品制造业,证监会行业分类,2026-07-28
301439,c38,C38电气机械和器材制造业,证监会行业分类,2026-07-28
301446,c34,C34通用设备制造业,证监会行业分类,2026-07-28
301448,c34,C34通用设备制造业,证监会行业分类,2026-07-28
301449,m74,M74专业技术服务业,证监会行业分类,2026-07-28
301456,c35,C35专用设备制造业,证监会行业分类,2026-07-28
301458,c39,C39计算机、通信和其他电子设备制造业,证监会行业分类,2026-07-28
301459,c29,C29橡胶和塑料制品业,证监会行业分类,2026-07-28
301468,c35,C35专用设备制造业,证监会行业分类,2026-07-28
301469,c22,C22造纸和纸制品业,证监会行业分类,2026-07-28
301479,c39,C39计算机、通信和其他电子设备制造业,证监会行业分类,2026-07-28
301486,c39,C39计算机、通信和其他电子设备制造业,证监会行业分类,2026-07-28
301487,c26,C26化学原料和化学制品制造业,证监会行业分类,2026-07-28
301488,c39,C39计算机、通信和其他电子设备制造业,证监会行业分类,2026-07-28
301489,c39,C39计算机、通信和其他电子设备制造业,证监会行业分类,2026-07-28
301491,c39,C39计算机、通信和其他电子设备制造业,证监会行业分类,2026-07-28
301498,c13,C13农副食品加工业,证监会行业分类,2026-07-28
301499,c36,C36汽车制造业,证监会行业分类,2026-07-28
301500,c42,C42废弃资源综合利用业,证监会行业分类,2026-07-28
301501,c22,C22造纸和纸制品业,证监会行业分类,2026-07-28
301502,c38,C38电气机械和器材制造业,证监会行业分类,2026-07-28
301503,c39,C39计算机、通信和其他电子设备制造业,证监会行业分类,2026-07-28
301505,m74,M74专业技术服务业,证监会行业分类,2026-07-28
301507,c27,C27医药制造业,证监会行业分类,2026-07-28
301508,m74,M74专业技术服务业,证监会行业分类,2026-07-28
301509,c27,C27医药制造业,证监会行业分类,2026-07-28
301510,c40,C40仪器仪表制造业,证监会行业分类,2026-07-28
301511,c39,C39计算机、通信和其他电子设备制造业,证监会行业分类,2026-07-28
301512,c35,C35专用设备制造业,证监会行业分类,2026-07-28
301513,c35,C35专用设备制造业,证监会行业分类,2026-07-28
301515,c35,C35专用设备制造业,证监会行业分类,2026-07-28
301516,c39,C39计算机、通信和其他电子设备制造业,证监会行业分类,2026-07-28
301517,c39,C39计算机、通信和其他电子设备制造业,证监会行业分类,2026-07-28
301518,c26,C26化学原料和化学制品制造业,证监会行业分类,2026-07-28
301519,n77,N77生态保护和环境治理业,证监会行业分类,2026-07-28
301520,m73,M73研究和试验发展,证监会行业分类,2026-07-28
301522,c33,C33金属制品业,证监会行业分类,2026-07-28
301525,c38,C38电气机械和器材制造业,证监会行业分类,2026-07-28
301526,c30,C30非金属矿物制品业,证监会行业分类,2026-07-28
301528,c40,C40仪器仪表制造业,证监会行业分类,2026-07-28
301529,c36,C36汽车制造业,证监会行业分类,2026-07-28
301531,c39,C39计算机、通信和其他电子设备制造业,证监会行业分类,2026-07-28
301533,c35,C35专用设备制造业,证监会行业分类,2026-07-28
301535,c36,C36汽车制造业,证监会行业分类,2026-07-28
301536,c39,C39计算机、通信和其他电子设备制造业,证监会行业分类,2026-07-28
301538,c29,C29橡胶和塑料制品业,证监会行业分类,2026-07-28
301539,c36,C36汽车制造业,证监会行业分类,2026-07-28
301548,c34,C34通用设备制造业,证监会行业分类,2026-07-28
301550,c36,C36汽车制造业,证监会行业分类,2026-07-28
301551,i63,I63电信、广播电视和卫星传输服务,证监会行业分类,2026-07-28
301552,c36,C36汽车制造业,证监会行业分类,2026-07-28
301555,c26,C26化学原料和化学制品制造业,证监会行业分类,2026-07-28
301556,i65,I65软件和信息技术服务业,证监会行业分类,2026-07-28
301557,c30,C30非金属矿物制品业,证监会行业分类,2026-07-28
301558,f52,F52零售业,证监会行业分类,2026-07-28
301559,c34,C34通用设备制造业,证监会行业分类,2026-07-28
301560,c36,C36汽车制造业,证监会行业分类,2026-07-28
301563,f51,F51批发业,证监会行业分类,2026-07-28
301565,c29,C29橡胶和塑料制品业,证监会行业分类,2026-07-28
301566,c39,C39计算机、通信和其他电子设备制造业,证监会行业分类,2026-07-28
301567,c39,C39计算机、通信和其他电子设备制造业,证监会行业分类,2026-07-28
301568,c35,C35专用设备制造业,证监会行业分类,2026-07-28
301571,c39,C39计算机、通信和其他电子设备制造业,证监会行业分类,2026-07-28
301575,c33,C33金属制品业,证监会行业分类,2026-07-28
301577,c39,C39计算机、通信和其他电子设备制造业,证监会行业分类,2026-07-28
301578,c39,C39计算机、通信和其他电子设备制造业,证监会行业分类,2026-07-28
301580,c35,C35专用设备制造业,证监会行业分类,2026-07-28
301581,c36,C36汽车制造业,证监会行业分类,2026-07-28
301583,c34,C34通用设备制造业,证监会行业分类,2026-07-28
301584,f51,F51批发业,证监会行业分类,2026-07-28
301585,c26,C26化学原料和化学制品制造业,证监会行业分类,2026-07-28
301586,c37,C37铁路、船舶、航空航天和其他运输设备制造业,证监会行业分类,2026-07-28
301587,c33,C33金属制品业,证监会行业分类,2026-07-28
301588,c29,C29橡胶和塑料制品业,证监会行业分类,2026-07-28
301589,c39,C39计算机、通信和其他电子设备制造业,证监会行业分类,2026-07-28
301590,c38,C38电气机械和器材制造业,证监会行业分类,2026-07-28
301591,c29,C29橡胶和塑料制品业,证监会行业分类,2026-07-28
301592,i65,I65软件和信息技术服务业,证监会行业分类,2026-07-28
301595,c29,C29橡胶和塑料制品业,证监会行业分类,2026-07-28
301596,c34,C34通用设备制造业,证监会行业分类,2026-07-28
301598,c35,C35专用设备制造业,证监会行业分类,2026-07-28
301599,c35,C35专用设备制造业,证监会行业分类,2026-07-28
301600,c39,C39计算机、通信和其他电子设备制造业,证监会行业分类,2026-07-28
301601,m74,M74专业技术服务业,证监会行业分类,2026-07-28
301602,c35,C35专用设备制造业,证监会行业分类,2026-07-28
301603,c34,C34通用设备制造业,证监会行业分类,2026-07-28
301606,c39,C39计算机、通信和其他电子设备制造业,证监会行业分类,2026-07-28
301607,c36,C36汽车制造业,证监会行业分类,2026-07-28
301608,c39,C39计算机、通信和其他电子设备制造业,证监会行业分类,2026-07-28
301609,c38,C38电气机械和器材制造业,证监会行业分类,2026-07-28
301611,c39,C39计算机、通信和其他电子设备制造业,证监会行业分类,2026-07-28
301613,c36,C36汽车制造业,证监会行业分类,2026-07-28
301616,c34,C34通用设备制造业,证监会行业分类,2026-07-28
301617,c26,C26化学原料和化学制品制造业,证监会行业分类,2026-07-28
301618,c26,C26化学原料和化学制品制造业,证监会行业分类,2026-07-28
301622,c39,C39计算机、通信和其他电子设备制造业,证监会行业分类,2026-07-28
301626,c39,C39计算机、通信和其他电子设备制造业,证监会行业分类,2026-07-28
301628,c39,C39计算机、通信和其他电子设备制造业,证监会行业分类,2026-07-28
301629,c35,C35专用设备制造业,证监会行业分类,2026-07-28
301630,c39,C39计算机、通信和其他电子设备制造业,证监会行业分类,2026-07-28
301631,c39,C39计算机、通信和其他电子设备制造业,证监会行业分类,2026-07-28
301632,m74,M74专业技术服务业,证监会行业分类,2026-07-28
301633,i65,I65软件和信息技术服务业,证监会行业分类,2026-07-28
301636,c38,C38电气机械和器材制造业,证监会行业分类,2026-07-28
301638,i65,I65软件和信息技术服务业,证监会行业分类,2026-07-28
301656,c36,C36汽车制造业,证监会行业分类,2026-07-28
301658,c38,C38电气机械和器材制造业,证监会行业分类,2026-07-28
301662,c35,C35专用设备制造业,证监会行业分类,2026-07-28
301665,c26,C26化学原料和化学制品制造业,证监会行业分类,2026-07-28
301666,c39,C39计算机、通信和其他电子设备制造业,证监会行业分类,2026-07-28
301667,c36,C36汽车制造业,证监会行业分类,2026-07-28
301668,c38,C38电气机械和器材制造业,证监会行业分类,2026-07-28
301669,c38,C38电气机械和器材制造业,证监会行业分类,2026-07-28
301678,c39,C39计算机、通信和其他电子设备制造业,证监会行业分类,2026-07-28
301680,c36,C36汽车制造业,证监会行业分类,2026-07-28
301682,c39,C39计算机、通信和其他电子设备制造业,证监会行业分类,2026-07-28
301683,c26,C26化学原料和化学制品制造业,证监会行业分类,2026-07-28
301687,c39,C39计算机、通信和其他电子设备制造业,证监会行业分类,2026-07-28
301696,c38,C38电气机械和器材制造业,证监会行业分类,2026-07-28
302132,c39,C39计算机、通信和其他电子设备制造业,证监会行业分类,2026-07-28
600000,j66,J66货币金融服务,证监会行业分类,2026-07-28
600004,g56,G56航空运输业,证监会行业分类,2026-07-28
600006,c36,C36汽车制造业,证监会行业分类,2026-07-28
600007,k70,K70房地产业,证监会行业分类,2026-07-28
600008,d46,D46水的生产和供应业,证监会行业分类,2026-07-28
600009,g56,G56航空运输业,证监会行业分类,2026-07-28
600010,c31,C31黑色金属冶炼和压延加工业,证监会行业分类,2026-07-28
600011,d44,D44电力、热力生产和供应业,证监会行业分类,2026-07-28
600012,g54,G54道路运输业,证监会行业分类,2026-07-28
600015,j66,J66货币金融服务,证监会行业分类,2026-07-28
600016,j66,J66货币金融服务,证监会行业分类,2026-07-28
600017,g55,G55水上运输业,证监会行业分类,2026-07-28
600018,g55,G55水上运输业,证监会行业分类,2026-07-28
600019,c31,C31黑色金属冶炼和压延加工业,证监会行业分类,2026-07-28
600020,g54,G54道路运输业,证监会行业分类,2026-07-28
600021,d44,D44电力、热力生产和供应业,证监会行业分类,2026-07-28
600022,c31,C31黑色金属冶炼和压延加工业,证监会行业分类,2026-07-28
600023,d44,D44电力、热力生产和供应业,证监会行业分类,2026-07-28
600025,d44,D44电力、热力生产和供应业,证监会行业分类,2026-07-28
600026,g55,G55水上运输业,证监会行业分类,2026-07-28
600027,d44,D44电力、热力生产和供应业,证监会行业分类,2026-07-28
600028,b07,B07石油和天然气开采业,证监会行业分类,2026-07-28
600029,g56,G56航空运输业,证监会行业分类,2026-07-28
600030,j67,J67资本市场服务,证监会行业分类,2026-07-28
600031,c35,C35专用设备制造业,证监会行业分类,2026-07-28
600032,d44,D44电力、热力生产和供应业,证监会行业分类,2026-07-28
600033,g54,G54道路运输业,证监会行业分类,2026-07-28
600035,g54,G54道路运输业,证监会行业分类,2026-07-28
600036,j66,J66货币金融服务,证监会行业分类,2026-07-28
600037,i63,I63电信、广播电视和卫星传输服务,证监会行业分类,2026-07-28
600038,c37,C37铁路、船舶、航空航天和其他运输设备制造业,证监会行业分类,2026-07-28
600039,e48,E48土木工程建筑业,证监会行业分类,2026-07-28
600048,k70,K70房地产业,证监会行业分类,2026-07-28
600050,i63,I63电信、广播电视和卫星传输服务,证监会行业分类,2026-07-28
600051,f51,F51批发业,证监会行业分类,2026-07-28
600052,l72,L72商务服务业,证监会行业分类,2026-07-28
600053,j67,J67资本市场服务,证监会行业分类,2026-07-28
600054,n78,N78公共设施管理业,证监会行业分类,2026-07-28
600055,c35,C35专用设备制造业,证监会行业分类,2026-07-28
600056,f51,F51批发业,证监会行业分类,2026-07-28
600057,l72,L72商务服务业,证监会行业分类,2026-07-28
600058,f51,F51批发业,证监会行业分类,2026-07-28
600059,c15,C15酒、饮料和精制茶制造业,证监会行业分类,2026-07-28
600060,c39,C39计算机、通信和其他电子设备制造业,证监会行业分类,2026-07-28
600061,j67,J67资本市场服务,证监会行业分类,2026-07-28
600062,c27,C27医药制造业,证监会行业分类,2026-07-28
600063,c26,C26化学原料和化学制品制造业,证监会行业分类,2026-07-28
600064,k70,K70房地产业,证监会行业分类,2026-07-28
600066,c36,C36汽车制造业,证监会行业分类,2026-07-28
600067,c38,C38电气机械和器材制造业,证监会行业分类,2026-07-28
600071,c40,C40仪器仪表制造业,证监会行业分类,2026-07-28
600072,e48,E48土木工程建筑业,证监会行业分类,2026-07-28
600073,c13,C13农副食品加工业,证监会行业分类,2026-07-28
600075,c26,C26化学原料和化学制品制造业,证监会行业分类,2026-07-28
600076,c20,C20木材加工和木、竹、藤、棕、草制品业,证监会行业分类,2026-07-28
600078,c26,C26化学原料和化学制品制造业,证监会行业分类,2026-07-28
600079,c27,C27医药制造业,证监会行业分类,2026-07-28
600080,c27,C27医药制造业,证监会行业分类,2026-07-28
600081,c36,C36汽车制造业,证监会行业分类,2026-07-28
600082,f51,F51批发业,证监会行业分类,2026-07-28
600084,c15,C15酒、饮料和精制茶制造业,证监会行业分类,2026-07-28
600085,c27,C27医药制造业,证监会行业分类,2026-07-28
600088,r87,R87广播、电视、电影和录音制作业,证监会行业分类,2026-07-28
600089,c38,C38电气机械和器材制造业,证监会行业分类,2026-07-28
600094,k70,K70房地产业,证监会行业分类,2026-07-28
600095,j67,J67资本市场服务,证监会行业分类,2026-07-28
600096,c26,C26化学原料和化学制品制造业,证监会行业分类,2026-07-28
600097,a04,A04渔业,证监会行业分类,2026-07-28
600098,d44,D44电力、热力生产和供应业,证监会行业分类,2026-07-28
600099,c37,C37铁路、船舶、航空航天和其他运输设备制造业,证监会行业分类,2026-07-28
600100,c39,C39计算机、通信和其他电子设备制造业,证监会行业分类,2026-07-28
600101,d44,D44电力、热力生产和供应业,证监会行业分类,2026-07-28
600103,c22,C22造纸和纸制品业,证监会行业分类,2026-07-28
600104,c36,C36汽车制造业,证监会行业分类,2026-07-28
600105,c38,C38电气机械和器材制造业,证监会行业分类,2026-07-28
600106,g54,G54道路运输业,证监会行业分类,2026-07-28
600107,c18,C18纺织服装、服饰业,证监会行业分类,2026-07-28
600108,a01,A01农业,证监会行业分类,2026-07-28
600109,j67,J67资本市场服务,证监会行业分类,2026-07-28
600110,c39,C39计算机、通信和其他电子设备制造业,证监会行业分类,2026-07-28
600111,c32,C32有色金属冶炼和压延加工业,证监会行业分类,2026-07-28
600113,l72,L72商务服务业,证监会行业分类,2026-07-28
600114,c33,C33金属制品业,证监会行业分类,2026-07-28
600115,g56,G56航空运输业,证监会行业分类,2026-07-28
600116,d44,D44电力、热力生产和供应业,证监会行业分类,2026-07-28
600117,c31,C31黑色金属冶炼和压延加工业,证监会行业分类,2026-07-28
600118,c39,C39计算机、通信和其他电子设备制造业,证监会行业分类,2026-07-28
600119,g54,G54道路运输业,证监会行业分类,2026-07-28
600120,j69,J69其他金融业,证监会行业分类,2026-07-28
600121,b06,B06煤炭开采和洗选业,证监会行业分类,2026-07-28
600123,b06,B06煤炭开采和洗选业,证监会行业分类,2026-07-28
600125,g53,G53铁路运输业,证监会行业分类,2026-07-28
600126,c31,C31黑色金属冶炼和压延加工业,证监会行业分类,2026-07-28
600127,c13,C13农副食品加工业,证监会行业分类,2026-07-28
600128,f51,F51批发业,证监会行业分类,2026-07-28
600129,c27,C27医药制造业,证监会行业分类,2026-07-28
600130,c39,C39计算机、通信和其他电子设备制造业,证监会行业分类,2026-07-28
600131,i65,I65软件和信息技术服务业,证监会行业分类,2026-07-28
600132,c15,C15酒、饮料和精制茶制造业,证监会行业分类,2026-07-28
600133,n77,N77生态保护和环境治理业,证监会行业分类,2026-07-28
600135,c26,C26化学原料和化学制品制造业,证监会行业分类,2026-07-28
600136,r87,R87广播、电视、电影和录音制作业,证监会行业分类,2026-07-28
600137,c18,C18纺织服装、服饰业,证监会行业分类,2026-07-28
600138,l72,L72商务服务业,证监会行业分类,2026-07-28
600141,c26,C26化学原料和化学制品制造业,证监会行业分类,2026-07-28
600143,c29,C29橡胶和塑料制品业,证监会行业分类,2026-07-28
600148,c36,C36汽车制造业,证监会行业分类,2026-07-28
600149,d44,D44电力、热力生产和供应业,证监会行业分类,2026-07-28
600150,c37,C37铁路、船舶、航空航天和其他运输设备制造业,证监会行业分类,2026-07-28
600151,c38,C38电气机械和器材制造业,证监会行业分类,2026-07-28
600152,c38,C38电气机械和器材制造业,证监会行业分类,2026-07-28
600153,l72,L72商务服务业,证监会行业分类,2026-07-28
600155,j67,J67资本市场服务,证监会行业分类,2026-07-28
600156,c17,C17纺织业,证监会行业分类,2026-07-28
600157,d44,D44电力、热力生产和供应业,证监会行业分类,2026-07-28
600158,r89,R89体育,证监会行业分类,2026-07-28
600159,e47,E47房屋建筑业,证监会行业分类,2026-07-28
600160,c26,C26化学原料和化学制品制造业,证监会行业分类,2026-07-28
600161,c27,C27医药制造业,证监会行业分类,2026-07-28
600162,k70,K70房地产业,证监会行业分类,2026-07-28
600163,d44,D44电力、热力生产和供应业,证监会行业分类,2026-07-28
600165,c26,C26化学原料和化学制品制造业,证监会行业分类,2026-07-28
600166,c36,C36汽车制造业,证监会行业分类,2026-07-28
600167,d44,D44电力、热力生产和供应业,证监会行业分类,2026-07-28
600168,d46,D46水的生产和供应业,证监会行业分类,2026-07-28
600169,c35,C35专用设备制造业,证监会行业分类,2026-07-28
600170,e48,E48土木工程建筑业,证监会行业分类,2026-07-28
600171,c39,C39计算机、通信和其他电子设备制造业,证监会行业分类,2026-07-28
600172,c30,C30非金属矿物制品业,证监会行业分类,2026-07-28
600173,k70,K70房地产业,证监会行业分类,2026-07-28
600176,c30,C30非金属矿物制品业,证监会行业分类,2026-07-28
600177,c18,C18纺织服装、服饰业,证监会行业分类,2026-07-28
600178,c36,C36汽车制造业,证监会行业分类,2026-07-28
600179,g58,G58多式联运和运输代理业,证监会行业分类,2026-07-28
600180,f51,F51批发业,证监会行业分类,2026-07-28
600182,c29,C29橡胶和塑料制品业,证监会行业分类,2026-07-28
600183,c39,C39计算机、通信和其他电子设备制造业,证监会行业分类,2026-07-28
600184,c35,C35专用设备制造业,证监会行业分类,2026-07-28
600185,l72,L72商务服务业,证监会行业分类,2026-07-28
600186,c14,C14食品制造业,证监会行业分类,2026-07-28
600187,d46,D46水的生产和供应业,证监会行业分类,2026-07-28
600188,b06,B06煤炭开采和洗选业,证监会行业分类,2026-07-28
600189,c15,C15酒、饮料和精制茶制造业,证监会行业分类,2026-07-28
600191,c13,C13农副食品加工业,证监会行业分类,2026-07-28
600192,c38,C38电气机械和器材制造业,证监会行业分类,2026-07-28
600195,c27,C27医药制造业,证监会行业分类,2026-07-28
600196,c27,C27医药制造业,证监会行业分类,2026-07-28
600197,c15,C15酒、饮料和精制茶制造业,证监会行业分类,2026-07-28
600198,c39,C39计算机、通信和其他电子设备制造业,证监会行业分类,2026-07-28
600199,c15,C15酒、饮料和精制茶制造业,证监会行业分类,2026-07-28
600201,c27,C27医药制造业,证监会行业分类,2026-07-28
600202,c34,C34通用设备制造业,证监会行业分类,2026-07-28
600203,c39,C39计算机、通信和其他电子设备制造业,证监会行业分类,2026-07-28
600206,c32,C32有色金属冶炼和压延加工业,证监会行业分类,2026-07-28
600207,c30,C30非金属矿物制品业,证监会行业分类,2026-07-28
600208,k70,K70房地产业,证监会行业分类,2026-07-28
600210,c29,C29橡胶和塑料制品业,证监会行业分类,2026-07-28
600211,c27,C27医药制造业,证监会行业分类,2026-07-28
600212,c38,C38电气机械和器材制造业,证监会行业分类,2026-07-28
600215,c34,C34通用设备制造业,证监会行业分类,2026-07-28
600216,c27,C27医药制造业,证监会行业分类,2026-07-28
600217,c42,C42废弃资源综合利用业,证监会行业分类,2026-07-28
600218,c34,C34通用设备制造业,证监会行业分类,2026-07-28
600219,c32,C32有色金属冶炼和压延加工业,证监会行业分类,2026-07-28
600221,g56,G56航空运输业,证监会行业分类,2026-07-28
600222,c27,C27医药制造业,证监会行业分类,2026-07-28
600223,c26,C26化学原料和化学制品制造业,证监会行业分类,2026-07-28
600226,d44,D44电力、热力生产和供应业,证监会行业分类,2026-07-28
600227,c26,C26化学原料和化学制品制造业,证监会行业分类,2026-07-28
600228,i64,I64互联网和相关服务,证监会行业分类,2026-07-28
600229,r86,R86新闻和出版业,证监会行业分类,2026-07-28
600230,c26,C26化学原料和化学制品制造业,证监会行业分类,2026-07-28
600231,c31,C31黑色金属冶炼和压延加工业,证监会行业分类,2026-07-28
600232,c17,C17纺织业,证监会行业分类,2026-07-28
600233,g60,G60邮政业,证监会行业分类,2026-07-28
600234,e50,E50建筑装饰、装修和其他建筑业,证监会行业分类,2026-07-28
600235,c22,C22造纸和纸制品业,证监会行业分类,2026-07-28
600236,d44,D44电力、热力生产和供应业,证监会行业分类,2026-07-28
600237,c39,C39计算机、通信和其他电子设备制造业,证监会行业分类,2026-07-28
600238,c15,C15酒、饮料和精制茶制造业,证监会行业分类,2026-07-28
600239,k70,K70房地产业,证监会行业分类,2026-07-28
600241,c38,C38电气机械和器材制造业,证监会行业分类,2026-07-28
600243,c34,C34通用设备制造业,证监会行业分类,2026-07-28
600246,k70,K70房地产业,证监会行业分类,2026-07-28
600248,e48,E48土木工程建筑业,证监会行业分类,2026-07-28
600249,c26,C26化学原料和化学制品制造业,证监会行业分类,2026-07-28
600250,n78,N78公共设施管理业,证监会行业分类,2026-07-28
600251,c13,C13农副食品加工业,证监会行业分类,2026-07-28
600252,c27,C27医药制造业,证监会行业分类,2026-07-28
600255,c32,C32有色金属冶炼和压延加工业,证监会行业分类,2026-07-28
600256,b07,B07石油和天然气开采业,证监会行业分类,2026-07-28
600257,a04,A04渔业,证监会行业分类,2026-07-28
600258,h61,H61住宿业,证监会行业分类,2026-07-28
600259,b09,B09有色金属矿采选业,证监会行业分类,2026-07-28
600261,c38,C38电气机械和器材制造业,证监会行业分类,2026-07-28
600262,c35,C35专用设备制造业,证监会行业分类,2026-07-28
600265,c20,C20木材加工和木、竹、藤、棕、草制品业,证监会行业分类,2026-07-28
600266,k70,K70房地产业,证监会行业分类,2026-07-28
600267,c27,C27医药制造业,证监会行业分类,2026-07-28
600268,c38,C38电气机械和器材制造业,证监会行业分类,2026-07-28
600269,g54,G54道路运输业,证监会行业分类,2026-07-28
600271,i65,I65软件和信息技术服务业,证监会行业分类,2026-07-28
600272,f51,F51批发业,证监会行业分类,2026-07-28
600273,c26,C26化学原料和化学制品制造业,证监会行业分类,2026-07-28
600276,c27,C27医药制造业,证监会行业分类,2026-07-28
600278,f51,F51批发业,证监会行业分类,2026-07-28
600279,g55,G55水上运输业,证监会行业分类,2026-07-28
600280,f52,F52零售业,证监会行业分类,2026-07-28
600281,c32,C32有色金属冶炼和压延加工业,证监会行业分类,2026-07-28
600282,c31,C31黑色金属冶炼和压延加工业,证监会行业分类,2026-07-28
600283,d46,D46水的生产和供应业,证监会行业分类,2026-07-28
600284,e48,E48土木工程建筑业,证监会行业分类,2026-07-28
600285,c27,C27医药制造业,证监会行业分类,2026-07-28
600287,f51,F51批发业,证监会行业分类,2026-07-28
600288,c39,C39计算机、通信和其他电子设备制造业,证监会行业分类,2026-07-28
600289,i65,I65软件和信息技术服务业,证监会行业分类,2026-07-28
600292,n77,N77生态保护和环境治理业,证监会行业分类,2026-07-28
600293,c30,C30非金属矿物制品业,证监会行业分类,2026-07-28
600295,c31,C31黑色金属冶炼和压延加工业,证监会行业分类,2026-07-28
600298,c14,C14食品制造业,证监会行业分类,2026-07-28
600299,c14,C14食品制造业,证监会行业分类,2026-07-28
600300,c15,C15酒、饮料和精制茶制造业,证监会行业分类,2026-07-28
600301,b09,B09有色金属矿采选业,证监会行业分类,2026-07-28
600302,c35,C35专用设备制造业,证监会行业分类,2026-07-28
600303,c36,C36汽车制造业,证监会行业分类,2026-07-28
600305,c14,C14食品制造业,证监会行业分类,2026-07-28
600307,c31,C31黑色金属冶炼和压延加工业,证监会行业分类,2026-07-28
600308,c22,C22造纸和纸制品业,证监会行业分类,2026-07-28
600309,c26,C26化学原料和化学制品制造业,证监会行业分类,2026-07-28
600310,d44,D44电力、热力生产和供应业,证监会行业分类,2026-07-28
600312,c38,C38电气机械和器材制造业,证监会行业分类,2026-07-28
600313,f51,F51批发业,证监会行业分类,2026-07-28
600315,c26,C26化学原料和化学制品制造业,证监会行业分类,2026-07-28
600316,c37,C37铁路、船舶、航空航天和其他运输设备制造业,证监会行业分类,2026-07-28
600318,j66,J66货币金融服务,证监会行业分类,2026-07-28
600319,c26,C26化学原料和化学制品制造业,证监会行业分类,2026-07-28
600320,c34,C34通用设备制造业,证监会行业分类,2026-07-28
600322,k70,K70房地产业,证监会行业分类,2026-07-28
600323,n77,N77生态保护和环境治理业,证监会行业分类,2026-07-28
600325,k70,K70房地产业,证监会行业分类,2026-07-28
600326,c30,C30非金属矿物制品业,证监会行业分类,2026-07-28
600327,q84,Q84卫生,证监会行业分类,2026-07-28
600328,c26,C26化学原料和化学制品制造业,证监会行业分类,2026-07-28
600329,c27,C27医药制造业,证监会行业分类,2026-07-28
600330,c39,C39计算机、通信和其他电子设备制造业,证监会行业分类,2026-07-28
600331,c26,C26化学原料和化学制品制造业,证监会行业分类,2026-07-28
600332,c27,C27医药制造业,证监会行业分类,2026-07-28
600333,d45,D45燃气生产和供应业,证监会行业分类,2026-07-28
600335,f51,F51批发业,证监会行业分类,2026-07-28
600336,c38,C38电气机械和器材制造业,证监会行业分类,2026-07-28
600337,f52,F52零售业,证监会行业分类,2026-07-28
600338,b09,B09有色金属矿采选业,证监会行业分类,2026-07-28
600339,b11,B11开采专业及辅助性活动,证监会行业分类,2026-07-28
600340,k70,K70房地产业,证监会行业分类,2026-07-28
600343,c34,C34通用设备制造业,证监会行业分类,2026-07-28
600345,c39,C39计算机、通信和其他电子设备制造业,证监会行业分类,2026-07-28
600346,c26,C26化学原料和化学制品制造业,证监会行业分类,2026-07-28
600348,b06,B06煤炭开采和洗选业,证监会行业分类,2026-07-28
600350,g54,G54道路运输业,证监会行业分类,2026-07-28
600351,c27,C27医药制造业,证监会行业分类,2026-07-28
600352,c26,C26化学原料和化学制品制造业,证监会行业分类,2026-07-28
600353,c39,C39计算机、通信和其他电子设备制造业,证监会行业分类,2026-07-28
600354,a05,A05农、林、牧、渔专业及辅助性活动,证监会行业分类,2026-07-28
600356,c22,C22造纸和纸制品业,证监会行业分类,2026-07-28
600358,l72,L72商务服务业,证监会行业分类,2026-07-28
600359,a01,A01农业,证监会行业分类,2026-07-28
600360,c39,C39计算机、通信和其他电子设备制造业,证监会行业分类,2026-07-28
600361,c32,C32有色金属冶炼和压延加工业,证监会行业分类,2026-07-28
600362,c32,C32有色金属冶炼和压延加工业,证监会行业分类,2026-07-28
600363,c39,C39计算机、通信和其他电子设备制造业,证监会行业分类,2026-07-28
600365,f52,F52零售业,证监会行业分类,2026-07-28
600366,c30,C30非金属矿物制品业,证监会行业分类,2026-07-28
600367,c26,C26化学原料和化学制品制造业,证监会行业分类,2026-07-28
600368,g54,G54道路运输业,证监会行业分类,2026-07-28
600369,j67,J67资本市场服务,证监会行业分类,2026-07-28
600370,c26,C26化学原料和化学制品制造业,证监会行业分类,2026-07-28
600371,a05,A05农、林、牧、渔专业及辅助性活动,证监会行业分类,2026-07-28
600372,c37,C37铁路、船舶、航空航天和其他运输设备制造业,证监会行业分类,2026-07-28
600373,r86,R86新闻和出版业,证监会行业分类,2026-07-28
600375,c36,C36汽车制造业,证监会行业分类,2026-07-28
600376,k70,K70房地产业,证监会行业分类,2026-07-28
600377,g54,G54道路运输业,证监会行业分类,2026-07-28
600378,c26,C26化学原料和化学制品制造业,证监会行业分类,2026-07-28
600379,c38,C38电气机械和器材制造业,证监会行业分类,2026-07-28
600380,c27,C27医药制造业,证监会行业分类,2026-07-28
600381,c14,C14食品制造业,证监会行业分类,2026-07-28
600382,b08,B08黑色金属矿采选业,证监会行业分类,2026-07-28
600383,k70,K70房地产业,证监会行业分类,2026-07-28
600386,f52,F52零售业,证监会行业分类,2026-07-28
600388,c35,C35专用设备制造业,证监会行业分类,2026-07-28
600389,c26,C26化学原料和化学制品制造业,证监会行业分类,2026-07-28
600390,j69,J69其他金融业,证监会行业分类,2026-07-28
600391,c37,C37铁路、船舶、航空航天和其他运输设备制造业,证监会行业分类,2026-07-28
600392,c32,C32有色金属冶炼和压延加工业,证监会行业分类,2026-07-28
600395,b06,B06煤炭开采和洗选业,证监会行业分类,2026-07-28
600396,d44,D44电力、热力生产和供应业,证监会行业分类,2026-07-28
600397,c35,C35专用设备制造业,证监会行业分类,2026-07-28
600398,c18,C18纺织服装、服饰业,证监会行业分类,2026-07-28
600399,c31,C31黑色金属冶炼和压延加工业,证监会行业分类,2026-07-28
600400,c18,C18纺织服装、服饰业,证监会行业分类,2026-07-28
600403,b06,B06煤炭开采和洗选业,证监会行业分类,2026-07-28
600405,c39,C39计算机、通信和其他电子设备制造业,证监会行业分类,2026-07-28
600406,i65,I65软件和信息技术服务业,证监会行业分类,2026-07-28
600408,c31,C31黑色金属冶炼和压延加工业,证监会行业分类,2026-07-28
600409,c26,C26化学原料和化学制品制造业,证监会行业分类,2026-07-28
600410,i65,I65软件和信息技术服务业,证监会行业分类,2026-07-28
600415,l72,L72商务服务业,证监会行业分类,2026-07-28
600416,c38,C38电气机械和器材制造业,证监会行业分类,2026-07-28
600418,c36,C36汽车制造业,证监会行业分类,2026-07-28
600419,c14,C14食品制造业,证监会行业分类,2026-07-28
600420,c27,C27医药制造业,证监会行业分类,2026-07-28
600422,c27,C27医药制造业,证监会行业分类,2026-07-28
600423,c26,C26化学原料和化学制品制造业,证监会行业分类,2026-07-28
600425,c30,C30非金属矿物制品业,证监会行业分类,2026-07-28
600426,c26,C26化学原料和化学制品制造业,证监会行业分类,2026-07-28
600428,g55,G55水上运输业,证监会行业分类,2026-07-28
600429,c14,C14食品制造业,证监会行业分类,2026-07-28
600433,c22,C22造纸和纸制品业,证监会行业分类,2026-07-28
600435,c39,C39计算机、通信和其他电子设备制造业,证监会行业分类,2026-07-28
600436,c27,C27医药制造业,证监会行业分类,2026-07-28
600438,c38,C38电气机械和器材制造业,证监会行业分类,2026-07-28
600439,c19,C19皮革、毛皮、羽毛及其制品和制鞋业,证监会行业分类,2026-07-28
600444,c35,C35专用设备制造业,证监会行业分类,2026-07-28
600446,i65,I65软件和信息技术服务业,证监会行业分类,2026-07-28
600448,c17,C17纺织业,证监会行业分类,2026-07-28
600449,c30,C30非金属矿物制品业,证监会行业分类,2026-07-28
600452,d44,D44电力、热力生产和供应业,证监会行业分类,2026-07-28
600455,p83,P83教育,证监会行业分类,2026-07-28
600456,c32,C32有色金属冶炼和压延加工业,证监会行业分类,2026-07-28
600458,c29,C29橡胶和塑料制品业,证监会行业分类,2026-07-28
600459,c32,C32有色金属冶炼和压延加工业,证监会行业分类,2026-07-28
600460,c39,C39计算机、通信和其他电子设备制造业,证监会行业分类,2026-07-28
600461,d46,D46水的生产和供应业,证监会行业分类,2026-07-28
600463,e48,E48土木工程建筑业,证监会行业分类,2026-07-28
600467,a04,A04渔业,证监会行业分类,2026-07-28
600468,c38,C38电气机械和器材制造业,证监会行业分类,2026-07-28
600469,c29,C29橡胶和塑料制品业,证监会行业分类,2026-07-28
600470,c26,C26化学原料和化学制品制造业,证监会行业分类,2026-07-28
600475,n77,N77生态保护和环境治理业,证监会行业分类,2026-07-28
600476,i65,I65软件和信息技术服务业,证监会行业分类,2026-07-28
600477,c33,C33金属制品业,证监会行业分类,2026-07-28
600478,c38,C38电气机械和器材制造业,证监会行业分类,2026-07-28
600479,c27,C27医药制造业,证监会行业分类,2026-07-28
600480,c36,C36汽车制造业,证监会行业分类,2026-07-28
600481,c34,C34通用设备制造业,证监会行业分类,2026-07-28
600482,c37,C37铁路、船舶、航空航天和其他运输设备制造业,证监会行业分类,2026-07-28
600483,d44,D44电力、热力生产和供应业,证监会行业分类,2026-07-28
600486,c26,C26化学原料和化学制品制造业,证监会行业分类,2026-07-28
600487,c38,C38电气机械和器材制造业,证监会行业分类,2026-07-28
600488,c27,C27医药制造业,证监会行业分类,2026-07-28
600489,b09,B09有色金属矿采选业,证监会行业分类,2026-07-28
600490,c32,C32有色金属冶炼和压延加工业,证监会行业分类,2026-07-28
600491,e48,E48土木工程建筑业,证监会行业分类,2026-07-28
600493,c17,C17纺织业,证监会行业分类,2026-07-28
600495,c37,C37铁路、船舶、航空航天和其他运输设备制造业,证监会行业分类,2026-07-28
600496,c33,C33金属制品业,证监会行业分类,2026-07-28
600497,c32,C32有色金属冶炼和压延加工业,证监会行业分类,2026-07-28
600498,c39,C39计算机、通信和其他电子设备制造业,证监会行业分类,2026-07-28
600499,c35,C35专用设备制造业,证监会行业分类,2026-07-28
600500,c26,C26化学原料和化学制品制造业,证监会行业分类,2026-07-28
600501,c35,C35专用设备制造业,证监会行业分类,2026-07-28
600502,e48,E48土木工程建筑业,证监会行业分类,2026-07-28
600503,k70,K70房地产业,证监会行业分类,2026-07-28
600505,d44,D44电力、热力生产和供应业,证监会行业分类,2026-07-28
600506,c25,C25石油、煤炭及其他燃料加工业,证监会行业分类,2026-07-28
600507,c31,C31黑色金属冶炼和压延加工业,证监会行业分类,2026-07-28
600508,b06,B06煤炭开采和洗选业,证监会行业分类,2026-07-28
600509,d44,D44电力、热力生产和供应业,证监会行业分类,2026-07-28
600510,k70,K70房地产业,证监会行业分类,2026-07-28
600511,f51,F51批发业,证监会行业分类,2026-07-28
600512,e48,E48土木工程建筑业,证监会行业分类,2026-07-28
600513,c27,C27医药制造业,证监会行业分类,2026-07-28
600515,k70,K70房地产业,证监会行业分类,2026-07-28
600516,c30,C30非金属矿物制品业,证监会行业分类,2026-07-28
600517,j69,J69其他金融业,证监会行业分类,2026-07-28
600518,c27,C27医药制造业,证监会行业分类,2026-07-28
600519,c15,C15酒、饮料和精制茶制造业,证监会行业分类,2026-07-28
600520,c35,C35专用设备制造业,证监会行业分类,2026-07-28
600521,c27,C27医药制造业,证监会行业分类,2026-07-28
600522,c38,C38电气机械和器材制造业,证监会行业分类,2026-07-28
600523,c36,C36汽车制造业,证监会行业分类,2026-07-28
600525,c38,C38电气机械和器材制造业,证监会行业分类,2026-07-28
600526,c35,C35专用设备制造业,证监会行业分类,2026-07-28
600527,c28,C28化学纤维制造业,证监会行业分类,2026-07-28
600528,c35,C35专用设备制造业,证监会行业分类,2026-07-28
600529,c30,C30非金属矿物制品业,证监会行业分类,2026-07-28
600530,c14,C14食品制造业,证监会行业分类,2026-07-28
600531,c32,C32有色金属冶炼和压延加工业,证监会行业分类,2026-07-28
600533,k70,K70房地产业,证监会行业分类,2026-07-28
600535,c27,C27医药制造业,证监会行业分类,2026-07-28
600536,i65,I65软件和信息技术服务业,证监会行业分类,2026-07-28
600537,c38,C38电气机械和器材制造业,证监会行业分类,2026-07-28
600538,f51,F51批发业,证监会行业分类,2026-07-28
600539,f52,F52零售业,证监会行业分类,2026-07-28
600540,a01,A01农业,证监会行业分类,2026-07-28
600543,c15,C15酒、饮料和精制茶制造业,证监会行业分类,2026-07-28
600545,c35,C35专用设备制造业,证监会行业分类,2026-07-28
600546,b06,B06煤炭开采和洗选业,证监会行业分类,2026-07-28
600547,b09,B09有色金属矿采选业,证监会行业分类,2026-07-28
600548,g54,G54道路运输业,证监会行业分类,2026-07-28
600549,c32,C32有色金属冶炼和压延加工业,证监会行业分类,2026-07-28
600550,c38,C38电气机械和器材制造业,证监会行业分类,2026-07-28
600551,r86,R86新闻和出版业,证监会行业分类,2026-07-28
600552,c39,C39计算机、通信和其他电子设备制造业,证监会行业分类,2026-07-28
600556,i64,I64互联网和相关服务,证监会行业分类,2026-07-28
600557,c27,C27医药制造业,证监会行业分类,2026-07-28
600558,c33,C33金属制品业,证监会行业分类,2026-07-28
600559,c15,C15酒、饮料和精制茶制造业,证监会行业分类,2026-07-28
600560,c35,C35专用设备制造业,证监会行业分类,2026-07-28
600561,g54,G54道路运输业,证监会行业分类,2026-07-28
600562,c39,C39计算机、通信和其他电子设备制造业,证监会行业分类,2026-07-28
600563,c39,C39计算机、通信和其他电子设备制造业,证监会行业分类,2026-07-28
600566,c27,C27医药制造业,证监会行业分类,2026-07-28
600567,c22,C22造纸和纸制品业,证监会行业分类,2026-07-28
600568,q84,Q84卫生,证监会行业分类,2026-07-28
600569,c31,C31黑色金属冶炼和压延加工业,证监会行业分类,2026-07-28
600570,i65,I65软件和信息技术服务业,证监会行业分类,2026-07-28
600571,i65,I65软件和信息技术服务业,证监会行业分类,2026-07-28
600572,c27,C27医药制造业,证监会行业分类,2026-07-28
600573,c15,C15酒、饮料和精制茶制造业,证监会行业分类,2026-07-28
600575,g55,G55水上运输业,证监会行业分类,2026-07-28
600576,n78,N78公共设施管理业,证监会行业分类,2026-07-28
600577,c38,C38电气机械和器材制造业,证监会行业分类,2026-07-28
600578,d44,D44电力、热力生产和供应业,证监会行业分类,2026-07-28
600579,c35,C35专用设备制造业,证监会行业分类,2026-07-28
600580,c38,C38电气机械和器材制造业,证监会行业分类,2026-07-28
600581,c31,C31黑色金属冶炼和压延加工业,证监会行业分类,2026-07-28
600582,c35,C35专用设备制造业,证监会行业分类,2026-07-28
600583,b11,B11开采专业及辅助性活动,证监会行业分类,2026-07-28
600584,c39,C39计算机、通信和其他电子设备制造业,证监会行业分类,2026-07-28
600585,c30,C30非金属矿物制品业,证监会行业分类,2026-07-28
600586,c30,C30非金属矿物制品业,证监会行业分类,2026-07-28
600587,c35,C35专用设备制造业,证监会行业分类,2026-07-28
600588,i65,I65软件和信息技术服务业,证监会行业分类,2026-07-28
600589,i65,I65软件和信息技术服务业,证监会行业分类,2026-07-28
600590,c38,C38电气机械和器材制造业,证监会行业分类,2026-07-28
600592,c34,C34通用设备制造业,证监会行业分类,2026-07-28
600593,n78,N78公共设施管理业,证监会行业分类,2026-07-28
600594,c27,C27医药制造业,证监会行业分类,2026-07-28
600595,c32,C32有色金属冶炼和压延加工业,证监会行业分类,2026-07-28
600596,c26,C26化学原料和化学制品制造业,证监会行业分类,2026-07-28
600597,c14,C14食品制造业,证监会行业分类,2026-07-28
600598,a01,A01农业,证监会行业分类,2026-07-28
600600,c15,C15酒、饮料和精制茶制造业,证监会行业分类,2026-07-28
600601,c39,C39计算机、通信和其他电子设备制造业,证监会行业分类,2026-07-28
600602,i65,I65软件和信息技术服务业,证监会行业分类,2026-07-28
600603,g53,G53铁路运输业,证监会行业分类,2026-07-28
600604,k70,K70房地产业,证监会行业分类,2026-07-28
600605,k70,K70房地产业,证监会行业分类,2026-07-28
600606,e48,E48土木工程建筑业,证监会行业分类,2026-07-28
600609,c36,C36汽车制造业,证监会行业分类,2026-07-28
600610,c26,C26化学原料和化学制品制造业,证监会行业分类,2026-07-28
600611,g54,G54道路运输业,证监会行业分类,2026-07-28
600612,c24,C24文教、工美、体育和娱乐用品制造业,证监会行业分类,2026-07-28
600613,c27,C27医药制造业,证监会行业分类,2026-07-28
600615,c33,C33金属制品业,证监会行业分类,2026-07-28
600616,c15,C15酒、饮料和精制茶制造业,证监会行业分类,2026-07-28
600617,d45,D45燃气生产和供应业,证监会行业分类,2026-07-28
600618,c26,C26化学原料和化学制品制造业,证监会行业分类,2026-07-28
600619,c34,C34通用设备制造业,证监会行业分类,2026-07-28
600620,s91,S91综合,证监会行业分类,2026-07-28
600621,j67,J67资本市场服务,证监会行业分类,2026-07-28
600622,k70,K70房地产业,证监会行业分类,2026-07-28
600623,c26,C26化学原料和化学制品制造业,证监会行业分类,2026-07-28
600624,c27,C27医药制造业,证监会行业分类,2026-07-28
600626,c17,C17纺织业,证监会行业分类,2026-07-28
600628,f52,F52零售业,证监会行业分类,2026-07-28
600629,m74,M74专业技术服务业,证监会行业分类,2026-07-28
600630,c18,C18纺织服装、服饰业,证监会行业分类,2026-07-28
600633,i64,I64互联网和相关服务,证监会行业分类,2026-07-28
600635,d45,D45燃气生产和供应业,证监会行业分类,2026-07-28
600637,i63,I63电信、广播电视和卫星传输服务,证监会行业分类,2026-07-28
600638,k70,K70房地产业,证监会行业分类,2026-07-28
600639,k70,K70房地产业,证监会行业分类,2026-07-28
600640,i64,I64互联网和相关服务,证监会行业分类,2026-07-28
600641,k70,K70房地产业,证监会行业分类,2026-07-28
600642,d44,D44电力、热力生产和供应业,证监会行业分类,2026-07-28
600643,j69,J69其他金融业,证监会行业分类,2026-07-28
600644,d44,D44电力、热力生产和供应业,证监会行业分类,2026-07-28
600645,c27,C27医药制造业,证监会行业分类,2026-07-28
600648,f51,F51批发业,证监会行业分类,2026-07-28
600649,k70,K70房地产业,证监会行业分类,2026-07-28
600650,g54,G54道路运输业,证监会行业分类,2026-07-28
600651,c38,C38电气机械和器材制造业,证监会行业分类,2026-07-28
600653,f52,F52零售业,证监会行业分类,2026-07-28
600654,l72,L72商务服务业,证监会行业分类,2026-07-28
600655,f52,F52零售业,证监会行业分类,2026-07-28
600657,k70,K70房地产业,证监会行业分类,2026-07-28
600658,k70,K70房地产业,证监会行业分类,2026-07-28
600660,c30,C30非金属矿物制品业,证监会行业分类,2026-07-28
600661,p83,P83教育,证监会行业分类,2026-07-28
600662,l72,L72商务服务业,证监会行业分类,2026-07-28
600663,k70,K70房地产业,证监会行业分类,2026-07-28
600664,c27,C27医药制造业,证监会行业分类,2026-07-28
600665,k70,K70房地产业,证监会行业分类,2026-07-28
600666,c30,C30非金属矿物制品业,证监会行业分类,2026-07-28
600667,e48,E48土木工程建筑业,证监会行业分类,2026-07-28
600668,c30,C30非金属矿物制品业,证监会行业分类,2026-07-28
600671,c27,C27医药制造业,证监会行业分类,2026-07-28
600673,s91,S91综合,证监会行业分类,2026-07-28
600674,d44,D44电力、热力生产和供应业,证监会行业分类,2026-07-28
600675,k70,K70房地产业,证监会行业分类,2026-07-28
600676,g54,G54道路运输业,证监会行业分类,2026-07-28
600678,c30,C30非金属矿物制品业,证监会行业分类,2026-07-28
600679,c37,C37铁路、船舶、航空航天和其他运输设备制造业,证监会行业分类,2026-07-28
600681,d45,D45燃气生产和供应业,证监会行业分类,2026-07-28
600682,c27,C27医药制造业,证监会行业分类,2026-07-28
600683,k70,K70房地产业,证监会行业分类,2026-07-28
600684,k70,K70房地产业,证监会行业分类,2026-07-28
600685,c37,C37铁路、船舶、航空航天和其他运输设备制造业,证监会行业分类,2026-07-28
600686,c36,C36汽车制造业,证监会行业分类,2026-07-28
600688,c25,C25石油、煤炭及其他燃料加工业,证监会行业分类,2026-07-28
600689,f51,F51批发业,证监会行业分类,2026-07-28
600690,c38,C38电气机械和器材制造业,证监会行业分类,2026-07-28
600691,c26,C26化学原料和化学制品制造业,证监会行业分类,2026-07-28
600692,k70,K70房地产业,证监会行业分类,2026-07-28
600693,f52,F52零售业,证监会行业分类,2026-07-28
600694,f52,F52零售业,证监会行业分类,2026-07-28
600697,f52,F52零售业,证监会行业分类,2026-07-28
600698,c36,C36汽车制造业,证监会行业分类,2026-07-28
600699,c39,C39计算机、通信和其他电子设备制造业,证监会行业分类,2026-07-28
600702,c15,C15酒、饮料和精制茶制造业,证监会行业分类,2026-07-28
600703,c39,C39计算机、通信和其他电子设备制造业,证监会行业分类,2026-07-28
600704,f51,F51批发业,证监会行业分类,2026-07-28
600706,n78,N78公共设施管理业,证监会行业分类,2026-07-28
600707,c39,C39计算机、通信和其他电子设备制造业,证监会行业分类,2026-07-28
600708,k70,K70房地产业,证监会行业分类,2026-07-28
600710,f51,F51批发业,证监会行业分类,2026-07-28
600711,b09,B09有色金属矿采选业,证监会行业分类,2026-07-28
600712,f52,F52零售业,证监会行业分类,2026-07-28
600713,f51,F51批发业,证监会行业分类,2026-07-28
600714,c26,C26化学原料和化学制品制造业,证监会行业分类,2026-07-28
600715,r87,R87广播、电视、电影和录音制作业,证监会行业分类,2026-07-28
600716,k70,K70房地产业,证监会行业分类,2026-07-28
600717,g55,G55水上运输业,证监会行业分类,2026-07-28
600718,i65,I65软件和信息技术服务业,证监会行业分类,2026-07-28
600719,d44,D44电力、热力生产和供应业,证监会行业分类,2026-07-28
600720,m74,M74专业技术服务业,证监会行业分类,2026-07-28
600721,m73,M73研究和试验发展,证监会行业分类,2026-07-28
600722,c26,C26化学原料和化学制品制造业,证监会行业分类,2026-07-28
600724,c30,C30非金属矿物制品业,证监会行业分类,2026-07-28
600725,f51,F51批发业,证监会行业分类,2026-07-28
600726,d44,D44电力、热力生产和供应业,证监会行业分类,2026-07-28
600727,c26,C26化学原料和化学制品制造业,证监会行业分类,2026-07-28
600728,i65,I65软件和信息技术服务业,证监会行业分类,2026-07-28
600729,f52,F52零售业,证监会行业分类,2026-07-28
600730,p83,P83教育,证监会行业分类,2026-07-28
600731,c26,C26化学原料和化学制品制造业,证监会行业分类,2026-07-28
600732,c38,C38电气机械和器材制造业,证监会行业分类,2026-07-28
600733,c36,C36汽车制造业,证监会行业分类,2026-07-28
600734,i65,I65软件和信息技术服务业,证监会行业分类,2026-07-28
600735,c41,C41其他制造业,证监会行业分类,2026-07-28
600736,k70,K70房地产业,证监会行业分类,2026-07-28
600737,c13,C13农副食品加工业,证监会行业分类,2026-07-28
600738,f52,F52零售业,证监会行业分类,2026-07-28
600739,f51,F51批发业,证监会行业分类,2026-07-28
600740,c25,C25石油、煤炭及其他燃料加工业,证监会行业分类,2026-07-28
600741,c36,C36汽车制造业,证监会行业分类,2026-07-28
600742,c36,C36汽车制造业,证监会行业分类,2026-07-28
600743,k70,K70房地产业,证监会行业分类,2026-07-28
600744,d44,D44电力、热力生产和供应业,证监会行业分类,2026-07-28
600745,c39,C39计算机、通信和其他电子设备制造业,证监会行业分类,2026-07-28
600746,c26,C26化学原料和化学制品制造业,证监会行业分类,2026-07-28
600748,k70,K70房地产业,证监会行业分类,2026-07-28
600749,n78,N78公共设施管理业,证监会行业分类,2026-07-28
600750,c27,C27医药制造业,证监会行业分类,2026-07-28
600751,g55,G55水上运输业,证监会行业分类,2026-07-28
600753,f51,F51批发业,证监会行业分类,2026-07-28
600754,h61,H61住宿业,证监会行业分类,2026-07-28
600755,l72,L72商务服务业,证监会行业分类,2026-07-28
600756,i65,I65软件和信息技术服务业,证监会行业分类,2026-07-28
600757,r86,R86新闻和出版业,证监会行业分类,2026-07-28
600758,b06,B06煤炭开采和洗选业,证监会行业分类,2026-07-28
600759,b07,B07石油和天然气开采业,证监会行业分类,2026-07-28
600760,c37,C37铁路、船舶、航空航天和其他运输设备制造业,证监会行业分类,2026-07-28
600761,c34,C34通用设备制造业,证监会行业分类,2026-07-28
600763,q84,Q84卫生,证监会行业分类,2026-07-28
600764,c39,C39计算机、通信和其他电子设备制造业,证监会行业分类,2026-07-28
600765,c37,C37铁路、船舶、航空航天和其他运输设备制造业,证监会行业分类,2026-07-28
600768,c32,C32有色金属冶炼和压延加工业,证监会行业分类,2026-07-28
600769,d46,D46水的生产和供应业,证监会行业分类,2026-07-28
600770,d44,D44电力、热力生产和供应业,证监会行业分类,2026-07-28
600771,c27,C27医药制造业,证监会行业分类,2026-07-28
600773,k70,K70房地产业,证监会行业分类,2026-07-28
600774,c27,C27医药制造业,证监会行业分类,2026-07-28
600775,c39,C39计算机、通信和其他电子设备制造业,证监会行业分类,2026-07-28
600776,c39,C39计算机、通信和其他电子设备制造业,证监会行业分类,2026-07-28
600777,b07,B07石油和天然气开采业,证监会行业分类,2026-07-28
600778,f52,F52零售业,证监会行业分类,2026-07-28
600779,c15,C15酒、饮料和精制茶制造业,证监会行业分类,2026-07-28
600780,d44,D44电力、热力生产和供应业,证监会行业分类,2026-07-28
600782,c31,C31黑色金属冶炼和压延加工业,证监会行业分类,2026-07-28
600783,j67,J67资本市场服务,证监会行业分类,2026-07-28
600784,c14,C14食品制造业,证监会行业分类,2026-07-28
600785,f52,F52零售业,证监会行业分类,2026-07-28
600787,g59,G59装卸搬运和仓储业,证监会行业分类,2026-07-28
600789,c27,C27医药制造业,证监会行业分类,2026-07-28
600790,l72,L72商务服务业,证监会行业分类,2026-07-28
600791,k70,K70房地产业,证监会行业分类,2026-07-28
600792,c25,C25石油、煤炭及其他燃料加工业,证监会行业分类,2026-07-28
600793,c22,C22造纸和纸制品业,证监会行业分类,2026-07-28
600794,g59,G59装卸搬运和仓储业,证监会行业分类,2026-07-28
600795,d44,D44电力、热力生产和供应业,证监会行业分类,2026-07-28
600796,d46,D46水的生产和供应业,证监会行业分类,2026-07-28
600797,i65,I65软件和信息技术服务业,证监会行业分类,2026-07-28
600798,g55,G55水上运输业,证监会行业分类,2026-07-28
600800,c26,C26化学原料和化学制品制造业,证监会行业分类,2026-07-28
600801,c30,C30非金属矿物制品业,证监会行业分类,2026-07-28
600802,c30,C30非金属矿物制品业,证监会行业分类,2026-07-28
600803,d45,D45燃气生产和供应业,证监会行业分类,2026-07-28
600805,s91,S91综合,证监会行业分类,2026-07-28
600807,c27,C27医药制造业,证监会行业分类,2026-07-28
600808,c31,C31黑色金属冶炼和压延加工业,证监会行业分类,2026-07-28
600809,c15,C15酒、饮料和精制茶制造业,证监会行业分类,2026-07-28
600810,c28,C28化学纤维制造业,证监会行业分类,2026-07-28
600812,c27,C27医药制造业,证监会行业分类,2026-07-28
600814,f52,F52零售业,证监会行业分类,2026-07-28
600815,c35,C35专用设备制造业,证监会行业分类,2026-07-28
600816,j69,J69其他金融业,证监会行业分类,2026-07-28
600817,c35,C35专用设备制造业,证监会行业分类,2026-07-28
600818,c37,C37铁路、船舶、航空航天和其他运输设备制造业,证监会行业分类,2026-07-28
600819,c30,C30非金属矿物制品业,证监会行业分类,2026-07-28
600820,e48,E48土木工程建筑业,证监会行业分类,2026-07-28
600821,d44,D44电力、热力生产和供应业,证监会行业分类,2026-07-28
600822,f51,F51批发业,证监会行业分类,2026-07-28
600824,f52,F52零售业,证监会行业分类,2026-07-28
600825,r86,R86新闻和出版业,证监会行业分类,2026-07-28
600826,l72,L72商务服务业,证监会行业分类,2026-07-28
600827,f52,F52零售业,证监会行业分类,2026-07-28
600828,f52,F52零售业,证监会行业分类,2026-07-28
600829,f51,F51批发业,证监会行业分类,2026-07-28
600830,j69,J69其他金融业,证监会行业分类,2026-07-28
600831,i63,I63电信、广播电视和卫星传输服务,证监会行业分类,2026-07-28
600833,f52,F52零售业,证监会行业分类,2026-07-28
600834,s91,S91综合,证监会行业分类,2026-07-28
600835,c34,C34通用设备制造业,证监会行业分类,2026-07-28
600838,f52,F52零售业,证监会行业分类,2026-07-28
600839,c39,C39计算机、通信和其他电子设备制造业,证监会行业分类,2026-07-28
600841,c34,C34通用设备制造业,证监会行业分类,2026-07-28
600843,c35,C35专用设备制造业,证监会行业分类,2026-07-28
600844,c26,C26化学原料和化学制品制造业,证监会行业分类,2026-07-28
600845,i65,I65软件和信息技术服务业,证监会行业分类,2026-07-28
600846,e48,E48土木工程建筑业,证监会行业分类,2026-07-28
600847,c38,C38电气机械和器材制造业,证监会行业分类,2026-07-28
600848,k70,K70房地产业,证监会行业分类,2026-07-28
600850,i65,I65软件和信息技术服务业,证监会行业分类,2026-07-28
600851,c27,C27医药制造业,证监会行业分类,2026-07-28
600853,e48,E48土木工程建筑业,证监会行业分类,2026-07-28
600854,c38,C38电气机械和器材制造业,证监会行业分类,2026-07-28
600855,c35,C35专用设备制造业,证监会行业分类,2026-07-28
600857,f52,F52零售业,证监会行业分类,2026-07-28
600858,f52,F52零售业,证监会行业分类,2026-07-28
600859,f52,F52零售业,证监会行业分类,2026-07-28
600860,c35,C35专用设备制造业,证监会行业分类,2026-07-28
600861,l72,L72商务服务业,证监会行业分类,2026-07-28
600862,c37,C37铁路、船舶、航空航天和其他运输设备制造业,证监会行业分类,2026-07-28
600863,d44,D44电力、热力生产和供应业,证监会行业分类,2026-07-28
600864,j67,J67资本市场服务,证监会行业分类,2026-07-28
600865,f52,F52零售业,证监会行业分类,2026-07-28
600866,c14,C14食品制造业,证监会行业分类,2026-07-28
600867,c27,C27医药制造业,证监会行业分类,2026-07-28
600868,d44,D44电力、热力生产和供应业,证监会行业分类,2026-07-28
600869,c38,C38电气机械和器材制造业,证监会行业分类,2026-07-28
600871,b11,B11开采专业及辅助性活动,证监会行业分类,2026-07-28
600872,c14,C14食品制造业,证监会行业分类,2026-07-28
600873,c14,C14食品制造业,证监会行业分类,2026-07-28
600874,d46,D46水的生产和供应业,证监会行业分类,2026-07-28
600875,c34,C34通用设备制造业,证监会行业分类,2026-07-28
600876,c30,C30非金属矿物制品业,证监会行业分类,2026-07-28
600877,c39,C39计算机、通信和其他电子设备制造业,证监会行业分类,2026-07-28
600879,c37,C37铁路、船舶、航空航天和其他运输设备制造业,证监会行业分类,2026-07-28
600880,r86,R86新闻和出版业,证监会行业分类,2026-07-28
600881,c30,C30非金属矿物制品业,证监会行业分类,2026-07-28
600882,c14,C14食品制造业,证监会行业分类,2026-07-28
600883,c13,C13农副食品加工业,证监会行业分类,2026-07-28
600884,c39,C39计算机、通信和其他电子设备制造业,证监会行业分类,2026-07-28
600885,c38,C38电气机械和器材制造业,证监会行业分类,2026-07-28
600886,d44,D44电力、热力生产和供应业,证监会行业分类,2026-07-28
600887,c14,C14食品制造业,证监会行业分类,2026-07-28
600888,c39,C39计算机、通信和其他电子设备制造业,证监会行业分类,2026-07-28
600889,c28,C28化学纤维制造业,证监会行业分类,2026-07-28
600892,i64,I64互联网和相关服务,证监会行业分类,2026-07-28
600893,c37,C37铁路、船舶、航空航天和其他运输设备制造业,证监会行业分类,2026-07-28
600894,c34,C34通用设备制造业,证监会行业分类,2026-07-28
600895,k70,K70房地产业,证监会行业分类,2026-07-28
600897,g56,G56航空运输业,证监会行业分类,2026-07-28
600900,d44,D44电力、热力生产和供应业,证监会行业分类,2026-07-28
600901,j66,J66货币金融服务,证监会行业分类,2026-07-28
600903,d45,D45燃气生产和供应业,证监会行业分类,2026-07-28
600905,d44,D44电力、热力生产和供应业,证监会行业分类,2026-07-28
600906,j67,J67资本市场服务,证监会行业分类,2026-07-28
600908,j66,J66货币金融服务,证监会行业分类,2026-07-28
600909,j67,J67资本市场服务,证监会行业分类,2026-07-28
600916,f52,F52零售业,证监会行业分类,2026-07-28
600917,d45,D45燃气生产和供应业,证监会行业分类,2026-07-28
600918,j67,J67资本市场服务,证监会行业分类,2026-07-28
600919,j66,J66货币金融服务,证监会行业分类,2026-07-28
600925,b06,B06煤炭开采和洗选业,证监会行业分类,2026-07-28
600926,j66,J66货币金融服务,证监会行业分类,2026-07-28
600927,j67,J67资本市场服务,证监会行业分类,2026-07-28
600928,j66,J66货币金融服务,证监会行业分类,2026-07-28
600929,c14,C14食品制造业,证监会行业分类,2026-07-28
600930,d44,D44电力、热力生产和供应业,证监会行业分类,2026-07-28
600933,c36,C36汽车制造业,证监会行业分类,2026-07-28
600935,c26,C26化学原料和化学制品制造业,证监会行业分类,2026-07-28
600936,i63,I63电信、广播电视和卫星传输服务,证监会行业分类,2026-07-28
600938,b07,B07石油和天然气开采业,证监会行业分类,2026-07-28
600939,e47,E47房屋建筑业,证监会行业分类,2026-07-28
600941,i63,I63电信、广播电视和卫星传输服务,证监会行业分类,2026-07-28
600955,c26,C26化学原料和化学制品制造业,证监会行业分类,2026-07-28
600956,d45,D45燃气生产和供应业,证监会行业分类,2026-07-28
600958,j67,J67资本市场服务,证监会行业分类,2026-07-28
600959,i63,I63电信、广播电视和卫星传输服务,证监会行业分类,2026-07-28
600960,c36,C36汽车制造业,证监会行业分类,2026-07-28
600961,c32,C32有色金属冶炼和压延加工业,证监会行业分类,2026-07-28
600962,c15,C15酒、饮料和精制茶制造业,证监会行业分类,2026-07-28
600963,c22,C22造纸和纸制品业,证监会行业分类,2026-07-28
600965,c13,C13农副食品加工业,证监会行业分类,2026-07-28
600966,c22,C22造纸和纸制品业,证监会行业分类,2026-07-28
600967,c37,C37铁路、船舶、航空航天和其他运输设备制造业,证监会行业分类,2026-07-28
600968,b11,B11开采专业及辅助性活动,证监会行业分类,2026-07-28
600969,d44,D44电力、热力生产和供应业,证监会行业分类,2026-07-28
600970,e48,E48土木工程建筑业,证监会行业分类,2026-07-28
600971,b06,B06煤炭开采和洗选业,证监会行业分类,2026-07-28
600973,c38,C38电气机械和器材制造业,证监会行业分类,2026-07-28
600975,a03,A03畜牧业,证监会行业分类,2026-07-28
600976,f51,F51批发业,证监会行业分类,2026-07-28
600977,r87,R87广播、电视、电影和录音制作业,证监会行业分类,2026-07-28
600979,d44,D44电力、热力生产和供应业,证监会行业分类,2026-07-28
600980,c35,C35专用设备制造业,证监会行业分类,2026-07-28
600981,f51,F51批发业,证监会行业分类,2026-07-28
600982,d44,D44电力、热力生产和供应业,证监会行业分类,2026-07-28
600983,c38,C38电气机械和器材制造业,证监会行业分类,2026-07-28
600984,l71,L71租赁业,证监会行业分类,2026-07-28
600985,b06,B06煤炭开采和洗选业,证监会行业分类,2026-07-28
600986,i64,I64互联网和相关服务,证监会行业分类,2026-07-28
600987,c17,C17纺织业,证监会行业分类,2026-07-28
600988,b09,B09有色金属矿采选业,证监会行业分类,2026-07-28
600989,c26,C26化学原料和化学制品制造业,证监会行业分类,2026-07-28
600990,c39,C39计算机、通信和其他电子设备制造业,证监会行业分类,2026-07-28
600992,c33,C33金属制品业,证监会行业分类,2026-07-28
600993,c27,C27医药制造业,证监会行业分类,2026-07-28
600995,d44,D44电力、热力生产和供应业,证监会行业分类,2026-07-28
600996,i63,I63电信、广播电视和卫星传输服务,证监会行业分类,2026-07-28
600997,c25,C25石油、煤炭及其他燃料加工业,证监会行业分类,2026-07-28
600998,f51,F51批发业,证监会行业分类,2026-07-28
600999,j67,J67资本市场服务,证监会行业分类,2026-07-28
601000,g55,G55水上运输业,证监会行业分类,2026-07-28
601001,b06,B06煤炭开采和洗选业,证监会行业分类,2026-07-28
601002,c34,C34通用设备制造业,证监会行业分类,2026-07-28
601003,c31,C31黑色金属冶炼和压延加工业,证监会行业分类,2026-07-28
601005,c31,C31黑色金属冶炼和压延加工业,证监会行业分类,2026-07-28
601006,g53,G53铁路运输业,证监会行业分类,2026-07-28
601007,h61,H61住宿业,证监会行业分类,2026-07-28
601008,g55,G55水上运输业,证监会行业分类,2026-07-28
601009,j66,J66货币金融服务,证监会行业分类,2026-07-28
601010,f52,F52零售业,证监会行业分类,2026-07-28
601011,c25,C25石油、煤炭及其他燃料加工业,证监会行业分类,2026-07-28
601012,c38,C38电气机械和器材制造业,证监会行业分类,2026-07-28
601015,c25,C25石油、煤炭及其他燃料加工业,证监会行业分类,2026-07-28
601016,d44,D44电力、热力生产和供应业,证监会行业分类,2026-07-28
601018,g55,G55水上运输业,证监会行业分类,2026-07-28
601019,r86,R86新闻和出版业,证监会行业分类,2026-07-28
601020,b09,B09有色金属矿采选业,证监会行业分类,2026-07-28
601021,g56,G56航空运输业,证监会行业分类,2026-07-28
601022,g55,G55水上运输业,证监会行业分类,2026-07-28
601026,c26,C26化学原料和化学制品制造业,证监会行业分类,2026-07-28
601033,n77,N77生态保护和环境治理业,证监会行业分类,2026-07-28
601038,c35,C35专用设备制造业,证监会行业分类,2026-07-28
601058,c29,C29橡胶和塑料制品业,证监会行业分类,2026-07-28
601059,j67,J67资本市场服务,证监会行业分类,2026-07-28
601061,f51,F51批发业,证监会行业分类,2026-07-28
601065,c26,C26化学原料和化学制品制造业,证监会行业分类,2026-07-28
601066,j67,J67资本市场服务,证监会行业分类,2026-07-28
601068,e48,E48土木工程建筑业,证监会行业分类,2026-07-28
601069,b09,B09有色金属矿采选业,证监会行业分类,2026-07-28
601077,j66,J66货币金融服务,证监会行业分类,2026-07-28
601083,g55,G55水上运输业,证监会行业分类,2026-07-28
601086,f52,F52零售业,证监会行业分类,2026-07-28
601088,b06,B06煤炭开采和洗选业,证监会行业分类,2026-07-28
601089,c27,C27医药制造业,证监会行业分类,2026-07-28
601096,c33,C33金属制品业,证监会行业分类,2026-07-28
601098,r86,R86新闻和出版业,证监会行业分类,2026-07-28
601099,j67,J67资本市场服务,证监会行业分类,2026-07-28
601100,c34,C34通用设备制造业,证监会行业分类,2026-07-28
601101,b06,B06煤炭开采和洗选业,证监会行业分类,2026-07-28
601106,c35,C35专用设备制造业,证监会行业分类,2026-07-28
601107,g54,G54道路运输业,证监会行业分类,2026-07-28
601108,j67,J67资本市场服务,证监会行业分类,2026-07-28
601111,g56,G56航空运输业,证监会行业分类,2026-07-28
601112,c30,C30非金属矿物制品业,证监会行业分类,2026-07-28
601113,f52,F52零售业,证监会行业分类,2026-07-28
601116,f52,F52零售业,证监会行业分类,2026-07-28
601117,e48,E48土木工程建筑业,证监会行业分类,2026-07-28
601118,a01,A01农业,证监会行业分类,2026-07-28
601121,b08,B08黑色金属矿采选业,证监会行业分类,2026-07-28
601126,c38,C38电气机械和器材制造业,证监会行业分类,2026-07-28
601127,c36,C36汽车制造业,证监会行业分类,2026-07-28
601128,j66,J66货币金融服务,证监会行业分类,2026-07-28
601133,e49,E49建筑安装业,证监会行业分类,2026-07-28
601136,j67,J67资本市场服务,证监会行业分类,2026-07-28
601137,c32,C32有色金属冶炼和压延加工业,证监会行业分类,2026-07-28
601138,c39,C39计算机、通信和其他电子设备制造业,证监会行业分类,2026-07-28
601139,d45,D45燃气生产和供应业,证监会行业分类,2026-07-28
601155,k70,K70房地产业,证监会行业分类,2026-07-28
601156,g56,G56航空运输业,证监会行业分类,2026-07-28
601158,d46,D46水的生产和供应业,证监会行业分类,2026-07-28
601162,j67,J67资本市场服务,证监会行业分类,2026-07-28
601163,c29,C29橡胶和塑料制品业,证监会行业分类,2026-07-28
601166,j66,J66货币金融服务,证监会行业分类,2026-07-28
601168,b09,B09有色金属矿采选业,证监会行业分类,2026-07-28
601169,j66,J66货币金融服务,证监会行业分类,2026-07-28
601177,c34,C34通用设备制造业,证监会行业分类,2026-07-28
601179,c38,C38电气机械和器材制造业,证监会行业分类,2026-07-28
601186,e48,E48土木工程建筑业,证监会行业分类,2026-07-28
601187,j66,J66货币金融服务,证监会行业分类,2026-07-28
601188,g54,G54道路运输业,证监会行业分类,2026-07-28
601198,j67,J67资本市场服务,证监会行业分类,2026-07-28
601199,d46,D46水的生产和供应业,证监会行业分类,2026-07-28
601200,n77,N77生态保护和环境治理业,证监会行业分类,2026-07-28
601208,c26,C26化学原料和化学制品制造业,证监会行业分类,2026-07-28
601211,j67,J67资本市场服务,证监会行业分类,2026-07-28
601212,c32,C32有色金属冶炼和压延加工业,证监会行业分类,2026-07-28
601216,c26,C26化学原料和化学制品制造业,证监会行业分类,2026-07-28
601218,c33,C33金属制品业,证监会行业分类,2026-07-28
601222,c38,C38电气机械和器材制造业,证监会行业分类,2026-07-28
601225,b06,B06煤炭开采和洗选业,证监会行业分类,2026-07-28
601226,m74,M74专业技术服务业,证监会行业分类,2026-07-28
601228,g55,G55水上运输业,证监会行业分类,2026-07-28
601229,j66,J66货币金融服务,证监会行业分类,2026-07-28
601231,c39,C39计算机、通信和其他电子设备制造业,证监会行业分类,2026-07-28
601233,c28,C28化学纤维制造业,证监会行业分类,2026-07-28
601236,j67,J67资本市场服务,证监会行业分类,2026-07-28
601238,c36,C36汽车制造业,证监会行业分类,2026-07-28
601279,c36,C36汽车制造业,证监会行业分类,2026-07-28
601288,j66,J66货币金融服务,证监会行业分类,2026-07-28
601298,g55,G55水上运输业,证监会行业分类,2026-07-28
601311,c38,C38电气机械和器材制造业,证监会行业分类,2026-07-28
601318,j68,J68保险业,证监会行业分类,2026-07-28
601319,j68,J68保险业,证监会行业分类,2026-07-28
601326,g55,G55水上运输业,证监会行业分类,2026-07-28
601328,j66,J66货币金融服务,证监会行业分类,2026-07-28
601330,n77,N77生态保护和环境治理业,证监会行业分类,2026-07-28
601333,g53,G53铁路运输业,证监会行业分类,2026-07-28
601336,j68,J68保险业,证监会行业分类,2026-07-28
601339,c17,C17纺织业,证监会行业分类,2026-07-28
601360,i64,I64互联网和相关服务,证监会行业分类,2026-07-28
601366,f52,F52零售业,证监会行业分类,2026-07-28
601368,d46,D46水的生产和供应业,证监会行业分类,2026-07-28
601369,c34,C34通用设备制造业,证监会行业分类,2026-07-28
601375,j67,J67资本市场服务,证监会行业分类,2026-07-28
601377,j67,J67资本市场服务,证监会行业分类,2026-07-28
601388,c42,C42废弃资源综合利用业,证监会行业分类,2026-07-28
601390,e48,E48土木工程建筑业,证监会行业分类,2026-07-28
601398,j66,J66货币金融服务,证监会行业分类,2026-07-28
601399,c35,C35专用设备制造业,证监会行业分类,2026-07-28
601456,j67,J67资本市场服务,证监会行业分类,2026-07-28
601500,c29,C29橡胶和塑料制品业,证监会行业分类,2026-07-28
601512,k70,K70房地产业,证监会行业分类,2026-07-28
601515,c27,C27医药制造业,证监会行业分类,2026-07-28
601518,g54,G54道路运输业,证监会行业分类,2026-07-28
601519,j69,J69其他金融业,证监会行业分类,2026-07-28
601528,j66,J66货币金融服务,证监会行业分类,2026-07-28
601555,j67,J67资本市场服务,证监会行业分类,2026-07-28
601566,c18,C18纺织服装、服饰业,证监会行业分类,2026-07-28
601567,c40,C40仪器仪表制造业,证监会行业分类,2026-07-28
601568,c26,C26化学原料和化学制品制造业,证监会行业分类,2026-07-28
601577,j66,J66货币金融服务,证监会行业分类,2026-07-28
601579,c15,C15酒、饮料和精制茶制造业,证监会行业分类,2026-07-28
601588,k70,K70房地产业,证监会行业分类,2026-07-28
601595,r87,R87广播、电视、电影和录音制作业,证监会行业分类,2026-07-28
601598,g58,G58多式联运和运输代理业,证监会行业分类,2026-07-28
601599,c17,C17纺织业,证监会行业分类,2026-07-28
601600,c32,C32有色金属冶炼和压延加工业,证监会行业分类,2026-07-28
601601,j68,J68保险业,证监会行业分类,2026-07-28
601606,c33,C33金属制品业,证监会行业分类,2026-07-28
601607,f52,F52零售业,证监会行业分类,2026-07-28
601608,c35,C35专用设备制造业,证监会行业分类,2026-07-28
601609,c32,C32有色金属冶炼和压延加工业,证监会行业分类,2026-07-28
601611,e48,E48土木工程建筑业,证监会行业分类,2026-07-28
601615,c34,C34通用设备制造业,证监会行业分类,2026-07-28
601616,c38,C38电气机械和器材制造业,证监会行业分类,2026-07-28
601618,e48,E48土木工程建筑业,证监会行业分类,2026-07-28
601619,d44,D44电力、热力生产和供应业,证监会行业分类,2026-07-28
601628,j68,J68保险业,证监会行业分类,2026-07-28
601633,c36,C36汽车制造业,证监会行业分类,2026-07-28
601636,c30,C30非金属矿物制品业,证监会行业分类,2026-07-28
601658,j66,J66货币金融服务,证监会行业分类,2026-07-28
601665,j66,J66货币金融服务,证监会行业分类,2026-07-28
601666,b06,B06煤炭开采和洗选业,证监会行业分类,2026-07-28
601668,e48,E48土木工程建筑业,证监会行业分类,2026-07-28
601669,e48,E48土木工程建筑业,证监会行业分类,2026-07-28
601677,c32,C32有色金属冶炼和压延加工业,证监会行业分类,2026-07-28
601678,c26,C26化学原料和化学制品制造业,证监会行业分类,2026-07-28
601686,c33,C33金属制品业,证监会行业分类,2026-07-28
601688,j67,J67资本市场服务,证监会行业分类,2026-07-28
601689,c36,C36汽车制造业,证监会行业分类,2026-07-28
601696,j67,J67资本市场服务,证监会行业分类,2026-07-28
601698,i63,I63电信、广播电视和卫星传输服务,证监会行业分类,2026-07-28
601699,b06,B06煤炭开采和洗选业,证监会行业分类,2026-07-28
601700,c33,C33金属制品业,证监会行业分类,2026-07-28
601702,c32,C32有色金属冶炼和压延加工业,证监会行业分类,2026-07-28
601717,c35,C35专用设备制造业,证监会行业分类,2026-07-28
601718,c18,C18纺织服装、服饰业,证监会行业分类,2026-07-28
601727,c34,C34通用设备制造业,证监会行业分类,2026-07-28
601728,i63,I63电信、广播电视和卫星传输服务,证监会行业分类,2026-07-28
601766,c37,C37铁路、船舶、航空航天和其他运输设备制造业,证监会行业分类,2026-07-28
601777,c36,C36汽车制造业,证监会行业分类,2026-07-28
601778,d44,D44电力、热力生产和供应业,证监会行业分类,2026-07-28
601788,j67,J67资本市场服务,证监会行业分类,2026-07-28
601789,e48,E48土木工程建筑业,证监会行业分类,2026-07-28
601798,c35,C35专用设备制造业,证监会行业分类,2026-07-28
601799,c36,C36汽车制造业,证监会行业分类,2026-07-28
601800,e48,E48土木工程建筑业,证监会行业分类,2026-07-28
601801,r86,R86新闻和出版业,证监会行业分类,2026-07-28
601808,b11,B11开采专业及辅助性活动,证监会行业分类,2026-07-28
601811,r86,R86新闻和出版业,证监会行业分类,2026-07-28
601816,g53,G53铁路运输业,证监会行业分类,2026-07-28
601818,j66,J66货币金融服务,证监会行业分类,2026-07-28
601825,j66,J66货币金融服务,证监会行业分类,2026-07-28
601827,n77,N77生态保护和环境治理业,证监会行业分类,2026-07-28
601828,l72,L72商务服务业,证监会行业分类,2026-07-28
601838,j66,J66货币金融服务,证监会行业分类,2026-07-28
601857,b07,B07石油和天然气开采业,证监会行业分类,2026-07-28
601858,r86,R86新闻和出版业,证监会行业分类,2026-07-28
601860,j66,J66货币金融服务,证监会行业分类,2026-07-28
601865,c30,C30非金属矿物制品业,证监会行业分类,2026-07-28
601866,g55,G55水上运输业,证监会行业分类,2026-07-28
601868,e48,E48土木工程建筑业,证监会行业分类,2026-07-28
601869,c39,C39计算机、通信和其他电子设备制造业,证监会行业分类,2026-07-28
601872,g55,G55水上运输业,证监会行业分类,2026-07-28
601877,c38,C38电气机械和器材制造业,证监会行业分类,2026-07-28
601878,j67,J67资本市场服务,证监会行业分类,2026-07-28
601880,g55,G55水上运输业,证监会行业分类,2026-07-28
601881,j67,J67资本市场服务,证监会行业分类,2026-07-28
601882,c34,C34通用设备制造业,证监会行业分类,2026-07-28
601886,e50,E50建筑装饰、装修和其他建筑业,证监会行业分类,2026-07-28
601888,l72,L72商务服务业,证监会行业分类,2026-07-28
601890,c37,C37铁路、船舶、航空航天和其他运输设备制造业,证监会行业分类,2026-07-28
601898,b06,B06煤炭开采和洗选业,证监会行业分类,2026-07-28
601899,b09,B09有色金属矿采选业,证监会行业分类,2026-07-28
601900,r86,R86新闻和出版业,证监会行业分类,2026-07-28
601901,j67,J67资本市场服务,证监会行业分类,2026-07-28
601908,c38,C38电气机械和器材制造业,证监会行业分类,2026-07-28
601916,j66,J66货币金融服务,证监会行业分类,2026-07-28
601918,b06,B06煤炭开采和洗选业,证监会行业分类,2026-07-28
601919,g55,G55水上运输业,证监会行业分类,2026-07-28
601921,r86,R86新闻和出版业,证监会行业分类,2026-07-28
601928,r86,R86新闻和出版业,证监会行业分类,2026-07-28
601929,i63,I63电信、广播电视和卫星传输服务,证监会行业分类,2026-07-28
601933,f52,F52零售业,证监会行业分类,2026-07-28
601939,j66,J66货币金融服务,证监会行业分类,2026-07-28
601949,r86,R86新闻和出版业,证监会行业分类,2026-07-28
601952,c13,C13农副食品加工业,证监会行业分类,2026-07-28
601956,c34,C34通用设备制造业,证监会行业分类,2026-07-28
601958,b09,B09有色金属矿采选业,证监会行业分类,2026-07-28
601963,j66,J66货币金融服务,证监会行业分类,2026-07-28
601965,m74,M74专业技术服务业,证监会行业分类,2026-07-28
601966,c29,C29橡胶和塑料制品业,证监会行业分类,2026-07-28
601968,c33,C33金属制品业,证监会行业分类,2026-07-28
601969,b08,B08黑色金属矿采选业,证监会行业分类,2026-07-28
601975,g55,G55水上运输业,证监会行业分类,2026-07-28
601985,d44,D44电力、热力生产和供应业,证监会行业分类,2026-07-28
601988,j66,J66货币金融服务,证监会行业分类,2026-07-28
601990,j67,J67资本市场服务,证监会行业分类,2026-07-28
601991,d44,D44电力、热力生产和供应业,证监会行业分类,2026-07-28
601992,c30,C30非金属矿物制品业,证监会行业分类,2026-07-28
601995,j67,J67资本市场服务,证监会行业分类,2026-07-28
601996,c20,C20木材加工和木、竹、藤、棕、草制品业,证监会行业分类,2026-07-28
601997,j66,J66货币金融服务,证监会行业分类,2026-07-28
601998,j66,J66货币金融服务,证监会行业分类,2026-07-28
601999,r86,R86新闻和出版业,证监会行业分类,2026-07-28
603000,i64,I64互联网和相关服务,证监会行业分类,2026-07-28
603001,c19,C19皮革、毛皮、羽毛及其制品和制鞋业,证监会行业分类,2026-07-28
603002,c39,C39计算机、通信和其他电子设备制造业,证监会行业分类,2026-07-28
603004,c26,C26化学原料和化学制品制造业,证监会行业分类,2026-07-28
603005,c39,C39计算机、通信和其他电子设备制造业,证监会行业分类,2026-07-28
603006,c36,C36汽车制造业,证监会行业分类,2026-07-28
603007,e48,E48土木工程建筑业,证监会行业分类,2026-07-28
603008,c21,C21家具制造业,证监会行业分类,2026-07-28
603009,c36,C36汽车制造业,证监会行业分类,2026-07-28
603010,c26,C26化学原料和化学制品制造业,证监会行业分类,2026-07-28
603011,c34,C34通用设备制造业,证监会行业分类,2026-07-28
603012,c35,C35专用设备制造业,证监会行业分类,2026-07-28
603013,c36,C36汽车制造业,证监会行业分类,2026-07-28
603014,c35,C35专用设备制造业,证监会行业分类,2026-07-28
603015,c40,C40仪器仪表制造业,证监会行业分类,2026-07-28
603016,c38,C38电气机械和器材制造业,证监会行业分类,2026-07-28
603017,m74,M74专业技术服务业,证监会行业分类,2026-07-28
603018,m74,M74专业技术服务业,证监会行业分类,2026-07-28
603019,c39,C39计算机、通信和其他电子设备制造业,证监会行业分类,2026-07-28
603020,c14,C14食品制造业,证监会行业分类,2026-07-28
603021,c30,C30非金属矿物制品业,证监会行业分类,2026-07-28
603022,c20,C20木材加工和木、竹、藤、棕、草制品业,证监会行业分类,2026-07-28
603023,c39,C39计算机、通信和其他电子设备制造业,证监会行业分类,2026-07-28
603025,c39,C39计算机、通信和其他电子设备制造业,证监会行业分类,2026-07-28
603026,c26,C26化学原料和化学制品制造业,证监会行业分类,2026-07-28
603027,c14,C14食品制造业,证监会行业分类,2026-07-28
603028,c33,C33金属制品业,证监会行业分类,2026-07-28
603029,c35,C35专用设备制造业,证监会行业分类,2026-07-28
603030,e50,E50建筑装饰、装修和其他建筑业,证监会行业分类,2026-07-28
603031,c38,C38电气机械和器材制造业,证监会行业分类,2026-07-28
603032,c35,C35专用设备制造业,证监会行业分类,2026-07-28
603033,c29,C29橡胶和塑料制品业,证监会行业分类,2026-07-28
603035,c36,C36汽车制造业,证监会行业分类,2026-07-28
603036,c35,C35专用设备制造业,证监会行业分类,2026-07-28
603037,c36,C36汽车制造业,证监会行业分类,2026-07-28
603038,c41,C41其他制造业,证监会行业分类,2026-07-28
603039,i65,I65软件和信息技术服务业,证监会行业分类,2026-07-28
603040,c36,C36汽车制造业,证监会行业分类,2026-07-28
603041,c26,C26化学原料和化学制品制造业,证监会行业分类,2026-07-28
603042,c39,C39计算机、通信和其他电子设备制造业,证监会行业分类,2026-07-28
603043,c14,C14食品制造业,证监会行业分类,2026-07-28
603045,c38,C38电气机械和器材制造业,证监会行业分类,2026-07-28
603048,c36,C36汽车制造业,证监会行业分类,2026-07-28
603049,c29,C29橡胶和塑料制品业,证监会行业分类,2026-07-28
603050,c38,C38电气机械和器材制造业,证监会行业分类,2026-07-28
603051,c29,C29橡胶和塑料制品业,证监会行业分类,2026-07-28
603052,c39,C39计算机、通信和其他电子设备制造业,证监会行业分类,2026-07-28
603053,d45,D45燃气生产和供应业,证监会行业分类,2026-07-28
603055,c17,C17纺织业,证监会行业分类,2026-07-28
603057,c13,C13农副食品加工业,证监会行业分类,2026-07-28
603058,c23,C23印刷和记录媒介复制业,证监会行业分类,2026-07-28
603059,c41,C41其他制造业,证监会行业分类,2026-07-28
603060,m74,M74专业技术服务业,证监会行业分类,2026-07-28
603061,c35,C35专用设备制造业,证监会行业分类,2026-07-28
603062,c26,C26化学原料和化学制品制造业,证监会行业分类,2026-07-28
603063,c38,C38电气机械和器材制造业,证监会行业分类,2026-07-28
603065,c26,C26化学原料和化学制品制造业,证监会行业分类,2026-07-28
603066,g59,G59装卸搬运和仓储业,证监会行业分类,2026-07-28
603067,c26,C26化学原料和化学制品制造业,证监会行业分类,2026-07-28
603068,c39,C39计算机、通信和其他电子设备制造业,证监会行业分类,2026-07-28
603069,g54,G54道路运输业,证监会行业分类,2026-07-28
603070,c38,C38电气机械和器材制造业,证监会行业分类,2026-07-28
603071,f51,F51批发业,证监会行业分类,2026-07-28
603072,c39,C39计算机、通信和其他电子设备制造业,证监会行业分类,2026-07-28
603073,c17,C17纺织业,证监会行业分类,2026-07-28
603075,c38,C38电气机械和器材制造业,证监会行业分类,2026-07-28
603076,c35,C35专用设备制造业,证监会行业分类,2026-07-28
603077,c26,C26化学原料和化学制品制造业,证监会行业分类,2026-07-28
603078,c26,C26化学原料和化学制品制造业,证监会行业分类,2026-07-28
603079,c14,C14食品制造业,证监会行业分类,2026-07-28
603080,d45,D45燃气生产和供应业,证监会行业分类,2026-07-28
603081,c35,C35专用设备制造业,证监会行业分类,2026-07-28
603082,c34,C34通用设备制造业,证监会行业分类,2026-07-28
603083,c39,C39计算机、通信和其他电子设备制造业,证监会行业分类,2026-07-28
603085,c36,C36汽车制造业,证监会行业分类,2026-07-28
603086,c26,C26化学原料和化学制品制造业,证监会行业分类,2026-07-28
603087,c27,C27医药制造业,证监会行业分类,2026-07-28
603088,c34,C34通用设备制造业,证监会行业分类,2026-07-28
603089,c36,C36汽车制造业,证监会行业分类,2026-07-28
603090,c34,C34通用设备制造业,证监会行业分类,2026-07-28
603091,c22,C22造纸和纸制品业,证监会行业分类,2026-07-28
603092,c34,C34通用设备制造业,证监会行业分类,2026-07-28
603093,j67,J67资本市场服务,证监会行业分类,2026-07-28
603095,c35,C35专用设备制造业,证监会行业分类,2026-07-28
603096,r86,R86新闻和出版业,证监会行业分类,2026-07-28
603097,c38,C38电气机械和器材制造业,证监会行业分类,2026-07-28
603098,e50,E50建筑装饰、装修和其他建筑业,证监会行业分类,2026-07-28
603099,n78,N78公共设施管理业,证监会行业分类,2026-07-28
603100,c40,C40仪器仪表制造业,证监会行业分类,2026-07-28
603101,f52,F52零售业,证监会行业分类,2026-07-28
603102,c14,C14食品制造业,证监会行业分类,2026-07-28
603103,r87,R87广播、电视、电影和录音制作业,证监会行业分类,2026-07-28
603105,d44,D44电力、热力生产和供应业,证监会行业分类,2026-07-28
603106,c39,C39计算机、通信和其他电子设备制造业,证监会行业分类,2026-07-28
603107,c36,C36汽车制造业,证监会行业分类,2026-07-28
603108,f51,F51批发业,证监会行业分类,2026-07-28
603109,c38,C38电气机械和器材制造业,证监会行业分类,2026-07-28
603110,c26,C26化学原料和化学制品制造业,证监会行业分类,2026-07-28
603111,c37,C37铁路、船舶、航空航天和其他运输设备制造业,证监会行业分类,2026-07-28
603112,c33,C33金属制品业,证监会行业分类,2026-07-28
603113,c26,C26化学原料和化学制品制造业,证监会行业分类,2026-07-28
603115,c39,C39计算机、通信和其他电子设备制造业,证监会行业分类,2026-07-28
603116,c19,C19皮革、毛皮、羽毛及其制品和制鞋业,证监会行业分类,2026-07-28
603117,g55,G55水上运输业,证监会行业分类,2026-07-28
603118,c39,C39计算机、通信和其他电子设备制造业,证监会行业分类,2026-07-28
603119,c30,C30非金属矿物制品业,证监会行业分类,2026-07-28
603120,c26,C26化学原料和化学制品制造业,证监会行业分类,2026-07-28
603121,c36,C36汽车制造业,证监会行业分类,2026-07-28
603122,f51,F51批发业,证监会行业分类,2026-07-28
603123,f52,F52零售业,证监会行业分类,2026-07-28
603124,c39,C39计算机、通信和其他电子设备制造业,证监会行业分类,2026-07-28
603125,c26,C26化学原料和化学制品制造业,证监会行业分类,2026-07-28
603126,m74,M74专业技术服务业,证监会行业分类,2026-07-28
603127,m73,M73研究和试验发展,证监会行业分类,2026-07-28
603128,g58,G58多式联运和运输代理业,证监会行业分类,2026-07-28
603129,c37,C37铁路、船舶、航空航天和其他运输设备制造业,证监会行业分类,2026-07-28
603130,c17,C17纺织业,证监会行业分类,2026-07-28
603131,c34,C34通用设备制造业,证监会行业分类,2026-07-28
603132,b09,B09有色金属矿采选业,证监会行业分类,2026-07-28
603135,c35,C35专用设备制造业,证监会行业分类,2026-07-28
603136,n78,N78公共设施管理业,证监会行业分类,2026-07-28
603137,e50,E50建筑装饰、装修和其他建筑业,证监会行业分类,2026-07-28
603138,i65,I65软件和信息技术服务业,证监会行业分类,2026-07-28
603139,c27,C27医药制造业,证监会行业分类,2026-07-28
603150,c38,C38电气机械和器材制造业,证监会行业分类,2026-07-28
603151,c13,C13农副食品加工业,证监会行业分类,2026-07-28
603153,m74,M74专业技术服务业,证监会行业分类,2026-07-28
603155,c26,C26化学原料和化学制品制造业,证监会行业分类,2026-07-28
603156,c15,C15酒、饮料和精制茶制造业,证监会行业分类,2026-07-28
603158,c36,C36汽车制造业,证监会行业分类,2026-07-28
603159,c29,C29橡胶和塑料制品业,证监会行业分类,2026-07-28
603160,c39,C39计算机、通信和其他电子设备制造业,证监会行业分类,2026-07-28
603161,c36,C36汽车制造业,证监会行业分类,2026-07-28
603162,g55,G55水上运输业,证监会行业分类,2026-07-28
603163,e49,E49建筑安装业,证监会行业分类,2026-07-28
603165,c22,C22造纸和纸制品业,证监会行业分类,2026-07-28
603166,c36,C36汽车制造业,证监会行业分类,2026-07-28
603167,g55,G55水上运输业,证监会行业分类,2026-07-28
603168,c27,C27医药制造业,证监会行业分类,2026-07-28
603169,c35,C35专用设备制造业,证监会行业分类,2026-07-28
603170,c14,C14食品制造业,证监会行业分类,2026-07-28
603171,i64,I64互联网和相关服务,证监会行业分类,2026-07-28
603172,c26,C26化学原料和化学制品制造业,证监会行业分类,2026-07-28
603173,c34,C34通用设备制造业,证监会行业分类,2026-07-28
603175,c39,C39计算机、通信和其他电子设备制造业,证监会行业分类,2026-07-28
603176,e48,E48土木工程建筑业,证监会行业分类,2026-07-28
603177,n77,N77生态保护和环境治理业,证监会行业分类,2026-07-28
603178,c36,C36汽车制造业,证监会行业分类,2026-07-28
603179,c36,C36汽车制造业,证监会行业分类,2026-07-28
603180,c21,C21家具制造业,证监会行业分类,2026-07-28
603181,c26,C26化学原料和化学制品制造业,证监会行业分类,2026-07-28
603182,c13,C13农副食品加工业,证监会行业分类,2026-07-28
603183,m74,M74专业技术服务业,证监会行业分类,2026-07-28
603185,c38,C38电气机械和器材制造业,证监会行业分类,2026-07-28
603186,c39,C39计算机、通信和其他电子设备制造业,证监会行业分类,2026-07-28
603187,c34,C34通用设备制造业,证监会行业分类,2026-07-28
603188,c26,C26化学原料和化学制品制造业,证监会行业分类,2026-07-28
603189,i65,I65软件和信息技术服务业,证监会行业分类,2026-07-28
603190,c36,C36汽车制造业,证监会行业分类,2026-07-28
603191,c38,C38电气机械和器材制造业,证监会行业分类,2026-07-28
603192,c26,C26化学原料和化学制品制造业,证监会行业分类,2026-07-28
603193,c26,C26化学原料和化学制品制造业,证监会行业分类,2026-07-28
603194,c34,C34通用设备制造业,证监会行业分类,2026-07-28
603195,c38,C38电气机械和器材制造业,证监会行业分类,2026-07-28
603196,c18,C18纺织服装、服饰业,证监会行业分类,2026-07-28
603197,c36,C36汽车制造业,证监会行业分类,2026-07-28
603198,c15,C15酒、饮料和精制茶制造业,证监会行业分类,2026-07-28
603199,n78,N78公共设施管理业,证监会行业分类,2026-07-28
603200,n77,N77生态保护和环境治理业,证监会行业分类,2026-07-28
603201,c34,C34通用设备制造业,证监会行业分类,2026-07-28
603202,c36,C36汽车制造业,证监会行业分类,2026-07-28
603203,c35,C35专用设备制造业,证监会行业分类,2026-07-28
603205,c35,C35专用设备制造业,证监会行业分类,2026-07-28
603206,i65,I65软件和信息技术服务业,证监会行业分类,2026-07-28
603207,c27,C27医药制造业,证监会行业分类,2026-07-28
603208,c20,C20木材加工和木、竹、藤、棕、草制品业,证监会行业分类,2026-07-28
603209,g55,G55水上运输业,证监会行业分类,2026-07-28
603210,c36,C36汽车制造业,证监会行业分类,2026-07-28
603211,c36,C36汽车制造业,证监会行业分类,2026-07-28
603212,c29,C29橡胶和塑料制品业,证监会行业分类,2026-07-28
603213,c26,C26化学原料和化学制品制造业,证监会行业分类,2026-07-28
603214,f52,F52零售业,证监会行业分类,2026-07-28
603215,c38,C38电气机械和器材制造业,证监会行业分类,2026-07-28
603216,c20,C20木材加工和木、竹、藤、棕、草制品业,证监会行业分类,2026-07-28
603217,c26,C26化学原料和化学制品制造业,证监会行业分类,2026-07-28
603218,c34,C34通用设备制造业,证监会行业分类,2026-07-28
603219,c38,C38电气机械和器材制造业,证监会行业分类,2026-07-28
603220,i65,I65软件和信息技术服务业,证监会行业分类,2026-07-28
603221,c29,C29橡胶和塑料制品业,证监会行业分类,2026-07-28
603222,c35,C35专用设备制造业,证监会行业分类,2026-07-28
603223,d45,D45燃气生产和供应业,证监会行业分类,2026-07-28
603225,c28,C28化学纤维制造业,证监会行业分类,2026-07-28
603226,c20,C20木材加工和木、竹、藤、棕、草制品业,证监会行业分类,2026-07-28
603227,c26,C26化学原料和化学制品制造业,证监会行业分类,2026-07-28
603228,c39,C39计算机、通信和其他电子设备制造业,证监会行业分类,2026-07-28
603229,c27,C27医药制造业,证监会行业分类,2026-07-28
603230,r86,R86新闻和出版业,证监会行业分类,2026-07-28
603231,c13,C13农副食品加工业,证监会行业分类,2026-07-28
603232,i65,I65软件和信息技术服务业,证监会行业分类,2026-07-28
603233,f52,F52零售业,证监会行业分类,2026-07-28
603235,c14,C14食品制造业,证监会行业分类,2026-07-28
603236,c39,C39计算机、通信和其他电子设备制造业,证监会行业分类,2026-07-28
603237,c14,C14食品制造业,证监会行业分类,2026-07-28
603238,c17,C17纺织业,证监会行业分类,2026-07-28
603239,c36,C36汽车制造业,证监会行业分类,2026-07-28
603248,c34,C34通用设备制造业,证监会行业分类,2026-07-28
603255,c26,C26化学原料和化学制品制造业,证监会行业分类,2026-07-28
603256,c30,C30非金属矿物制品业,证监会行业分类,2026-07-28
603257,m74,M74专业技术服务业,证监会行业分类,2026-07-28
603258,i64,I64互联网和相关服务,证监会行业分类,2026-07-28
603259,m73,M73研究和试验发展,证监会行业分类,2026-07-28
603260,c26,C26化学原料和化学制品制造业,证监会行业分类,2026-07-28
603261,c37,C37铁路、船舶、航空航天和其他运输设备制造业,证监会行业分类,2026-07-28
603262,c14,C14食品制造业,证监会行业分类,2026-07-28
603266,c29,C29橡胶和塑料制品业,证监会行业分类,2026-07-28
603267,c39,C39计算机、通信和其他电子设备制造业,证监会行业分类,2026-07-28
603268,c37,C37铁路、船舶、航空航天和其他运输设备制造业,证监会行业分类,2026-07-28
603269,c34,C34通用设备制造业,证监会行业分类,2026-07-28
603270,c34,C34通用设备制造业,证监会行业分类,2026-07-28
603271,c32,C32有色金属冶炼和压延加工业,证监会行业分类,2026-07-28
603272,c24,C24文教、工美、体育和娱乐用品制造业,证监会行业分类,2026-07-28
603273,c35,C35专用设备制造业,证监会行业分类,2026-07-28
603275,c40,C40仪器仪表制造业,证监会行业分类,2026-07-28
603276,c26,C26化学原料和化学制品制造业,证监会行业分类,2026-07-28
603277,c34,C34通用设备制造业,证监会行业分类,2026-07-28
603278,c33,C33金属制品业,证监会行业分类,2026-07-28
603279,c34,C34通用设备制造业,证监会行业分类,2026-07-28
603280,c35,C35专用设备制造业,证监会行业分类,2026-07-28
603281,c26,C26化学原料和化学制品制造业,证监会行业分类,2026-07-28
603282,c35,C35专用设备制造业,证监会行业分类,2026-07-28
603283,c35,C35专用设备制造业,证监会行业分类,2026-07-28
603284,c22,C22造纸和纸制品业,证监会行业分类,2026-07-28
603285,c26,C26化学原料和化学制品制造业,证监会行业分类,2026-07-28
603286,c36,C36汽车制造业,证监会行业分类,2026-07-28
603288,c14,C14食品制造业,证监会行业分类,2026-07-28
603289,c35,C35专用设备制造业,证监会行业分类,2026-07-28
603290,c39,C39计算机、通信和其他电子设备制造业,证监会行业分类,2026-07-28
603291,d46,D46水的生产和供应业,证监会行业分类,2026-07-28
603293,c39,C39计算机、通信和其他电子设备制造业,证监会行业分类,2026-07-28
603296,c39,C39计算机、通信和其他电子设备制造业,证监会行业分类,2026-07-28
603297,c40,C40仪器仪表制造业,证监会行业分类,2026-07-28
603298,c34,C34通用设备制造业,证监会行业分类,2026-07-28
603299,c26,C26化学原料和化学制品制造业,证监会行业分类,2026-07-28
603300,l71,L71租赁业,证监会行业分类,2026-07-28
603301,c27,C27医药制造业,证监会行业分类,2026-07-28
603303,c38,C38电气机械和器材制造业,证监会行业分类,2026-07-28
603305,c36,C36汽车制造业,证监会行业分类,2026-07-28
603306,c36,C36汽车制造业,证监会行业分类,2026-07-28
603307,c17,C17纺织业,证监会行业分类,2026-07-28
603308,c34,C34通用设备制造业,证监会行业分类,2026-07-28
603309,c35,C35专用设备制造业,证监会行业分类,2026-07-28
603310,c26,C26化学原料和化学制品制造业,证监会行业分类,2026-07-28
603311,c35,C35专用设备制造业,证监会行业分类,2026-07-28
603312,c38,C38电气机械和器材制造业,证监会行业分类,2026-07-28
603313,c21,C21家具制造业,证监会行业分类,2026-07-28
603315,n77,N77生态保护和环境治理业,证监会行业分类,2026-07-28
603316,e48,E48土木工程建筑业,证监会行业分类,2026-07-28
603317,c14,C14食品制造业,证监会行业分类,2026-07-28
603318,d45,D45燃气生产和供应业,证监会行业分类,2026-07-28
603319,c36,C36汽车制造业,证监会行业分类,2026-07-28
603320,c34,C34通用设备制造业,证监会行业分类,2026-07-28
603321,c34,C34通用设备制造业,证监会行业分类,2026-07-28
603322,i65,I65软件和信息技术服务业,证监会行业分类,2026-07-28
603323,j66,J66货币金融服务,证监会行业分类,2026-07-28
603324,c35,C35专用设备制造业,证监会行业分类,2026-07-28
603325,c34,C34通用设备制造业,证监会行业分类,2026-07-28
603326,c21,C21家具制造业,证监会行业分类,2026-07-28
603327,c39,C39计算机、通信和其他电子设备制造业,证监会行业分类,2026-07-28
603328,c39,C39计算机、通信和其他电子设备制造业,证监会行业分类,2026-07-28
603329,l72,L72商务服务业,证监会行业分类,2026-07-28
603330,c29,C29橡胶和塑料制品业,证监会行业分类,2026-07-28
603331,c34,C34通用设备制造业,证监会行业分类,2026-07-28
603332,c28,C28化学纤维制造业,证监会行业分类,2026-07-28
603333,c38,C38电气机械和器材制造业,证监会行业分类,2026-07-28
603334,c42,C42废弃资源综合利用业,证监会行业分类,2026-07-28
603335,c36,C36汽车制造业,证监会行业分类,2026-07-28
603336,c13,C13农副食品加工业,证监会行业分类,2026-07-28
603337,c35,C35专用设备制造业,证监会行业分类,2026-07-28
603338,c35,C35专用设备制造业,证监会行业分类,2026-07-28
603339,c33,C33金属制品业,证监会行业分类,2026-07-28
603341,c39,C39计算机、通信和其他电子设备制造业,证监会行业分类,2026-07-28
603344,c38,C38电气机械和器材制造业,证监会行业分类,2026-07-28
603345,c13,C13农副食品加工业,证监会行业分类,2026-07-28
603348,c36,C36汽车制造业,证监会行业分类,2026-07-28
603350,c38,C38电气机械和器材制造业,证监会行业分类,2026-07-28
603351,c25,C25石油、煤炭及其他燃料加工业,证监会行业分类,2026-07-28
603352,c36,C36汽车制造业,证监会行业分类,2026-07-28
603353,f52,F52零售业,证监会行业分类,2026-07-28
603355,c38,C38电气机械和器材制造业,证监会行业分类,2026-07-28
603356,c34,C34通用设备制造业,证监会行业分类,2026-07-28
603357,m74,M74专业技术服务业,证监会行业分类,2026-07-28
603358,c36,C36汽车制造业,证监会行业分类,2026-07-28
603359,e48,E48土木工程建筑业,证监会行业分类,2026-07-28
603360,c26,C26化学原料和化学制品制造业,证监会行业分类,2026-07-28
603363,c13,C13农副食品加工业,证监会行业分类,2026-07-28
603365,c17,C17纺织业,证监会行业分类,2026-07-28
603366,c38,C38电气机械和器材制造业,证监会行业分类,2026-07-28
603367,c27,C27医药制造业,证监会行业分类,2026-07-28
603368,f51,F51批发业,证监会行业分类,2026-07-28
603369,c15,C15酒、饮料和精制茶制造业,证监会行业分类,2026-07-28
603370,c38,C38电气机械和器材制造业,证监会行业分类,2026-07-28
603373,l72,L72商务服务业,证监会行业分类,2026-07-28
603375,c39,C39计算机、通信和其他电子设备制造业,证监会行业分类,2026-07-28
603376,c36,C36汽车制造业,证监会行业分类,2026-07-28
603377,p83,P83教育,证监会行业分类,2026-07-28
603378,c26,C26化学原料和化学制品制造业,证监会行业分类,2026-07-28
603379,c26,C26化学原料和化学制品制造业,证监会行业分类,2026-07-28
603380,c39,C39计算机、通信和其他电子设备制造业,证监会行业分类,2026-07-28
603381,c38,C38电气机械和器材制造业,证监会行业分类,2026-07-28
603382,c26,C26化学原料和化学制品制造业,证监会行业分类,2026-07-28
603383,i65,I65软件和信息技术服务业,证监会行业分类,2026-07-28
603385,c30,C30非金属矿物制品业,证监会行业分类,2026-07-28
603386,c39,C39计算机、通信和其他电子设备制造业,证监会行业分类,2026-07-28
603387,c27,C27医药制造业,证监会行业分类,2026-07-28
603389,c21,C21家具制造业,证监会行业分类,2026-07-28
603390,c39,C39计算机、通信和其他电子设备制造业,证监会行业分类,2026-07-28
603391,c34,C34通用设备制造业,证监会行业分类,2026-07-28
603392,c27,C27医药制造业,证监会行业分类,2026-07-28
603393,d45,D45燃气生产和供应业,证监会行业分类,2026-07-28
603395,c26,C26化学原料和化学制品制造业,证监会行业分类,2026-07-28
603396,c35,C35专用设备制造业,证监会行业分类,2026-07-28
603398,c38,C38电气机械和器材制造业,证监会行业分类,2026-07-28
603399,c32,C32有色金属冶炼和压延加工业,证监会行业分类,2026-07-28
603400,c34,C34通用设备制造业,证监会行业分类,2026-07-28
603402,r88,R88文化艺术业,证监会行业分类,2026-07-28
603406,c28,C28化学纤维制造业,证监会行业分类,2026-07-28
603407,c26,C26化学原料和化学制品制造业,证监会行业分类,2026-07-28
603408,c29,C29橡胶和塑料制品业,证监会行业分类,2026-07-28
603409,c36,C36汽车制造业,证监会行业分类,2026-07-28
603416,c40,C40仪器仪表制造业,证监会行业分类,2026-07-28
603418,c36,C36汽车制造业,证监会行业分类,2026-07-28
603421,c40,C40仪器仪表制造业,证监会行业分类,2026-07-28
603429,c23,C23印刷和记录媒介复制业,证监会行业分类,2026-07-28
603435,c39,C39计算机、通信和其他电子设备制造业,证监会行业分类,2026-07-28
603439,c27,C27医药制造业,证监会行业分类,2026-07-28
603444,i64,I64互联网和相关服务,证监会行业分类,2026-07-28
603456,c27,C27医药制造业,证监会行业分类,2026-07-28
603458,m74,M74专业技术服务业,证监会行业分类,2026-07-28
603459,c39,C39计算机、通信和其他电子设备制造业,证监会行业分类,2026-07-28
603466,r88,R88文化艺术业,证监会行业分类,2026-07-28
603477,a03,A03畜牧业,证监会行业分类,2026-07-28
603486,c39,C39计算机、通信和其他电子设备制造业,证监会行业分类,2026-07-28
603488,c34,C34通用设备制造业,证监会行业分类,2026-07-28
603489,c38,C38电气机械和器材制造业,证监会行业分类,2026-07-28
603496,c39,C39计算机、通信和其他电子设备制造业,证监会行业分类,2026-07-28
603499,c23,C23印刷和记录媒介复制业,证监会行业分类,2026-07-28
603500,c37,C37铁路、船舶、航空航天和其他运输设备制造业,证监会行业分类,2026-07-28
603501,c39,C39计算机、通信和其他电子设备制造业,证监会行业分类,2026-07-28
603505,b10,B10非金属矿采选业,证监会行业分类,2026-07-28
603506,k70,K70房地产业,证监会行业分类,2026-07-28
603507,c38,C38电气机械和器材制造业,证监会行业分类,2026-07-28
603508,c37,C37铁路、船舶、航空航天和其他运输设备制造业,证监会行业分类,2026-07-28
603511,c18,C18纺织服装、服饰业,证监会行业分类,2026-07-28
603515,c38,C38电气机械和器材制造业,证监会行业分类,2026-07-28
603516,c39,C39计算机、通信和其他电子设备制造业,证监会行业分类,2026-07-28
603517,c13,C13农副食品加工业,证监会行业分类,2026-07-28
603518,c18,C18纺织服装、服饰业,证监会行业分类,2026-07-28
603519,c38,C38电气机械和器材制造业,证监会行业分类,2026-07-28
603520,c27,C27医药制造业,证监会行业分类,2026-07-28
603527,c32,C32有色金属冶炼和压延加工业,证监会行业分类,2026-07-28
603528,i65,I65软件和信息技术服务业,证监会行业分类,2026-07-28
603529,c37,C37铁路、船舶、航空航天和其他运输设备制造业,证监会行业分类,2026-07-28
603530,c38,C38电气机械和器材制造业,证监会行业分类,2026-07-28
603533,i64,I64互联网和相关服务,证监会行业分类,2026-07-28
603535,g59,G59装卸搬运和仓储业,证监会行业分类,2026-07-28
603536,c13,C13农副食品加工业,证监会行业分类,2026-07-28
603538,c27,C27医药制造业,证监会行业分类,2026-07-28
603551,c38,C38电气机械和器材制造业,证监会行业分类,2026-07-28
603556,c40,C40仪器仪表制造业,证监会行业分类,2026-07-28
603557,c19,C19皮革、毛皮、羽毛及其制品和制鞋业,证监会行业分类,2026-07-28
603558,c18,C18纺织服装、服饰业,证监会行业分类,2026-07-28
603559,i63,I63电信、广播电视和卫星传输服务,证监会行业分类,2026-07-28
603565,g55,G55水上运输业,证监会行业分类,2026-07-28
603566,c27,C27医药制造业,证监会行业分类,2026-07-28
603567,c27,C27医药制造业,证监会行业分类,2026-07-28
603568,n77,N77生态保护和环境治理业,证监会行业分类,2026-07-28
603569,g54,G54道路运输业,证监会行业分类,2026-07-28
603577,c33,C33金属制品业,证监会行业分类,2026-07-28
603578,c30,C30非金属矿物制品业,证监会行业分类,2026-07-28
603579,c38,C38电气机械和器材制造业,证监会行业分类,2026-07-28
603580,c29,C29橡胶和塑料制品业,证监会行业分类,2026-07-28
603583,c38,C38电气机械和器材制造业,证监会行业分类,2026-07-28
603585,c26,C26化学原料和化学制品制造业,证监会行业分类,2026-07-28
603586,c36,C36汽车制造业,证监会行业分类,2026-07-28
603587,c18,C18纺织服装、服饰业,证监会行业分类,2026-07-28
603588,n77,N77生态保护和环境治理业,证监会行业分类,2026-07-28
603589,c15,C15酒、饮料和精制茶制造业,证监会行业分类,2026-07-28
603590,c27,C27医药制造业,证监会行业分类,2026-07-28
603595,c39,C39计算机、通信和其他电子设备制造业,证监会行业分类,2026-07-28
603596,c36,C36汽车制造业,证监会行业分类,2026-07-28
603598,l72,L72商务服务业,证监会行业分类,2026-07-28
603599,c26,C26化学原料和化学制品制造业,证监会行业分类,2026-07-28
603600,c21,C21家具制造业,证监会行业分类,2026-07-28
603601,c30,C30非金属矿物制品业,证监会行业分类,2026-07-28
603602,i65,I65软件和信息技术服务业,证监会行业分类,2026-07-28
603605,c26,C26化学原料和化学制品制造业,证监会行业分类,2026-07-28
603606,c38,C38电气机械和器材制造业,证监会行业分类,2026-07-28
603607,c22,C22造纸和纸制品业,证监会行业分类,2026-07-28
603608,c19,C19皮革、毛皮、羽毛及其制品和制鞋业,证监会行业分类,2026-07-28
603609,c13,C13农副食品加工业,证监会行业分类,2026-07-28
603610,c21,C21家具制造业,证监会行业分类,2026-07-28
603611,c34,C34通用设备制造业,证监会行业分类,2026-07-28
603612,c30,C30非金属矿物制品业,证监会行业分类,2026-07-28
603613,i64,I64互联网和相关服务,证监会行业分类,2026-07-28
603615,c29,C29橡胶和塑料制品业,证监会行业分类,2026-07-28
603616,c30,C30非金属矿物制品业,证监会行业分类,2026-07-28
603617,c34,C34通用设备制造业,证监会行业分类,2026-07-28
603618,c38,C38电气机械和器材制造业,证监会行业分类,2026-07-28
603619,b07,B07石油和天然气开采业,证监会行业分类,2026-07-28
603626,c33,C33金属制品业,证监会行业分类,2026-07-28
603628,c38,C38电气机械和器材制造业,证监会行业分类,2026-07-28
603629,c33,C33金属制品业,证监会行业分类,2026-07-28
603630,c26,C26化学原料和化学制品制造业,证监会行业分类,2026-07-28
603633,c39,C39计算机、通信和其他电子设备制造业,证监会行业分类,2026-07-28
603636,i65,I65软件和信息技术服务业,证监会行业分类,2026-07-28
603637,e48,E48土木工程建筑业,证监会行业分类,2026-07-28
603638,c35,C35专用设备制造业,证监会行业分类,2026-07-28
603639,c26,C26化学原料和化学制品制造业,证监会行业分类,2026-07-28
603648,l72,L72商务服务业,证监会行业分类,2026-07-28
603650,c26,C26化学原料和化学制品制造业,证监会行业分类,2026-07-28
603655,c29,C29橡胶和塑料制品业,证监会行业分类,2026-07-28
603656,c35,C35专用设备制造业,证监会行业分类,2026-07-28
603657,c29,C29橡胶和塑料制品业,证监会行业分类,2026-07-28
603658,c27,C27医药制造业,证监会行业分类,2026-07-28
603659,c39,C39计算机、通信和其他电子设备制造业,证监会行业分类,2026-07-28
603660,c39,C39计算机、通信和其他电子设备制造业,证监会行业分类,2026-07-28
603661,c21,C21家具制造业,证监会行业分类,2026-07-28
603662,c39,C39计算机、通信和其他电子设备制造业,证监会行业分类,2026-07-28
603663,c30,C30非金属矿物制品业,证监会行业分类,2026-07-28
603665,c17,C17纺织业,证监会行业分类,2026-07-28
603666,c34,C34通用设备制造业,证监会行业分类,2026-07-28
603667,c34,C34通用设备制造业,证监会行业分类,2026-07-28
603668,c13,C13农副食品加工业,证监会行业分类,2026-07-28
603669,c27,C27医药制造业,证监会行业分类,2026-07-28
603676,c27,C27医药制造业,证监会行业分类,2026-07-28
603677,c38,C38电气机械和器材制造业,证监会行业分类,2026-07-28
603678,c39,C39计算机、通信和其他电子设备制造业,证监会行业分类,2026-07-28
603679,c38,C38电气机械和器材制造业,证监会行业分类,2026-07-28
603680,c37,C37铁路、船舶、航空航天和其他运输设备制造业,证监会行业分类,2026-07-28
603681,c26,C26化学原料和化学制品制造业,证监会行业分类,2026-07-28
603682,l72,L72商务服务业,证监会行业分类,2026-07-28
603683,c26,C26化学原料和化学制品制造业,证监会行业分类,2026-07-28
603685,c38,C38电气机械和器材制造业,证监会行业分类,2026-07-28
603686,n78,N78公共设施管理业,证监会行业分类,2026-07-28
603687,c22,C22造纸和纸制品业,证监会行业分类,2026-07-28
603688,c30,C30非金属矿物制品业,证监会行业分类,2026-07-28
603689,d45,D45燃气生产和供应业,证监会行业分类,2026-07-28
603690,c35,C35专用设备制造业,证监会行业分类,2026-07-28
603693,d44,D44电力、热力生产和供应业,证监会行业分类,2026-07-28
603696,c14,C14食品制造业,证监会行业分类,2026-07-28
603697,c13,C13农副食品加工业,证监会行业分类,2026-07-28
603698,c35,C35专用设备制造业,证监会行业分类,2026-07-28
603699,c34,C34通用设备制造业,证监会行业分类,2026-07-28
603700,c40,C40仪器仪表制造业,证监会行业分类,2026-07-28
603701,c38,C38电气机械和器材制造业,证监会行业分类,2026-07-28
603703,c38,C38电气机械和器材制造业,证监会行业分类,2026-07-28
603706,d45,D45燃气生产和供应业,证监会行业分类,2026-07-28
603707,c27,C27医药制造业,证监会行业分类,2026-07-28
603708,f52,F52零售业,证监会行业分类,2026-07-28
603709,c21,C21家具制造业,证监会行业分类,2026-07-28
603711,c15,C15酒、饮料和精制茶制造业,证监会行业分类,2026-07-28
603712,c39,C39计算机、通信和其他电子设备制造业,证监会行业分类,2026-07-28
603713,g58,G58多式联运和运输代理业,证监会行业分类,2026-07-28
603716,f51,F51批发业,证监会行业分类,2026-07-28
603717,a03,A03畜牧业,证监会行业分类,2026-07-28
603718,c27,C27医药制造业,证监会行业分类,2026-07-28
603719,f52,F52零售业,证监会行业分类,2026-07-28
603721,r87,R87广播、电视、电影和录音制作业,证监会行业分类,2026-07-28
603722,c26,C26化学原料和化学制品制造业,证监会行业分类,2026-07-28
603725,c30,C30非金属矿物制品业,证监会行业分类,2026-07-28
603726,c29,C29橡胶和塑料制品业,证监会行业分类,2026-07-28
603727,b11,B11开采专业及辅助性活动,证监会行业分类,2026-07-28
603728,c38,C38电气机械和器材制造业,证监会行业分类,2026-07-28
603729,l72,L72商务服务业,证监会行业分类,2026-07-28
603730,c36,C36汽车制造业,证监会行业分类,2026-07-28
603733,c22,C22造纸和纸制品业,证监会行业分类,2026-07-28
603737,c26,C26化学原料和化学制品制造业,证监会行业分类,2026-07-28
603738,c39,C39计算机、通信和其他电子设备制造业,证监会行业分类,2026-07-28
603739,c14,C14食品制造业,证监会行业分类,2026-07-28
603755,c14,C14食品制造业,证监会行业分类,2026-07-28
603757,c34,C34通用设备制造业,证监会行业分类,2026-07-28
603758,c36,C36汽车制造业,证监会行业分类,2026-07-28
603759,d46,D46水的生产和供应业,证监会行业分类,2026-07-28
603766,c37,C37铁路、船舶、航空航天和其他运输设备制造业,证监会行业分类,2026-07-28
603767,c36,C36汽车制造业,证监会行业分类,2026-07-28
603768,c36,C36汽车制造业,证监会行业分类,2026-07-28
603773,c39,C39计算机、通信和其他电子设备制造业,证监会行业分类,2026-07-28
603776,i65,I65软件和信息技术服务业,证监会行业分类,2026-07-28
603777,f52,F52零售业,证监会行业分类,2026-07-28
603778,c38,C38电气机械和器材制造业,证监会行业分类,2026-07-28
603779,c15,C15酒、饮料和精制茶制造业,证监会行业分类,2026-07-28
603786,c36,C36汽车制造业,证监会行业分类,2026-07-28
603787,c37,C37铁路、船舶、航空航天和其他运输设备制造业,证监会行业分类,2026-07-28
603788,c36,C36汽车制造业,证监会行业分类,2026-07-28
603789,c35,C35专用设备制造业,证监会行业分类,2026-07-28
603790,c26,C26化学原料和化学制品制造业,证监会行业分类,2026-07-28
603797,n77,N77生态保护和环境治理业,证监会行业分类,2026-07-28
603798,c25,C25石油、煤炭及其他燃料加工业,证监会行业分类,2026-07-28
603799,c32,C32有色金属冶炼和压延加工业,证监会行业分类,2026-07-28
603800,c35,C35专用设备制造业,证监会行业分类,2026-07-28
603801,c21,C21家具制造业,证监会行业分类,2026-07-28
603803,c39,C39计算机、通信和其他电子设备制造业,证监会行业分类,2026-07-28
603806,c29,C29橡胶和塑料制品业,证监会行业分类,2026-07-28
603808,c18,C18纺织服装、服饰业,证监会行业分类,2026-07-28
603809,c36,C36汽车制造业,证监会行业分类,2026-07-28
603810,c26,C26化学原料和化学制品制造业,证监会行业分类,2026-07-28
603811,c27,C27医药制造业,证监会行业分类,2026-07-28
603813,g54,G54道路运输业,证监会行业分类,2026-07-28
603815,e48,E48土木工程建筑业,证监会行业分类,2026-07-28
603816,c21,C21家具制造业,证监会行业分类,2026-07-28
603817,d46,D46水的生产和供应业,证监会行业分类,2026-07-28
603818,c21,C21家具制造业,证监会行业分类,2026-07-28
603819,c38,C38电气机械和器材制造业,证监会行业分类,2026-07-28
603822,c25,C25石油、煤炭及其他燃料加工业,证监会行业分类,2026-07-28
603823,c26,C26化学原料和化学制品制造业,证监会行业分类,2026-07-28
603825,l72,L72商务服务业,证监会行业分类,2026-07-28
603826,c26,C26化学原料和化学制品制造业,证监会行业分类,2026-07-28
603828,e50,E50建筑装饰、装修和其他建筑业,证监会行业分类,2026-07-28
603829,c38,C38电气机械和器材制造业,证监会行业分类,2026-07-28
603833,c21,C21家具制造业,证监会行业分类,2026-07-28
603836,l72,L72商务服务业,证监会行业分类,2026-07-28
603838,c30,C30非金属矿物制品业,证监会行业分类,2026-07-28
603839,c18,C18纺织服装、服饰业,证监会行业分类,2026-07-28
603843,e48,E48土木工程建筑业,证监会行业分类,2026-07-28
603848,c33,C33金属制品业,证监会行业分类,2026-07-28
603855,c35,C35专用设备制造业,证监会行业分类,2026-07-28
603856,c29,C29橡胶和塑料制品业,证监会行业分类,2026-07-28
603858,c27,C27医药制造业,证监会行业分类,2026-07-28
603859,i65,I65软件和信息技术服务业,证监会行业分类,2026-07-28
603860,m74,M74专业技术服务业,证监会行业分类,2026-07-28
603861,c38,C38电气机械和器材制造业,证监会行业分类,2026-07-28
603863,c22,C22造纸和纸制品业,证监会行业分类,2026-07-28
603866,c14,C14食品制造业,证监会行业分类,2026-07-28
603867,c26,C26化学原料和化学制品制造业,证监会行业分类,2026-07-28
603868,c38,C38电气机械和器材制造业,证监会行业分类,2026-07-28
603869,i65,I65软件和信息技术服务业,证监会行业分类,2026-07-28
603871,g58,G58多式联运和运输代理业,证监会行业分类,2026-07-28
603876,c32,C32有色金属冶炼和压延加工业,证监会行业分类,2026-07-28
603877,c18,C18纺织服装、服饰业,证监会行业分类,2026-07-28
603878,c31,C31黑色金属冶炼和压延加工业,证监会行业分类,2026-07-28
603879,c26,C26化学原料和化学制品制造业,证监会行业分类,2026-07-28
603880,c27,C27医药制造业,证监会行业分类,2026-07-28
603881,i65,I65软件和信息技术服务业,证监会行业分类,2026-07-28
603882,q84,Q84卫生,证监会行业分类,2026-07-28
603883,f52,F52零售业,证监会行业分类,2026-07-28
603885,g56,G56航空运输业,证监会行业分类,2026-07-28
603886,c14,C14食品制造业,证监会行业分类,2026-07-28
603887,i65,I65软件和信息技术服务业,证监会行业分类,2026-07-28
603888,i64,I64互联网和相关服务,证监会行业分类,2026-07-28
603889,c17,C17纺织业,证监会行业分类,2026-07-28
603890,c39,C39计算机、通信和其他电子设备制造业,证监会行业分类,2026-07-28
603893,c39,C39计算机、通信和其他电子设备制造业,证监会行业分类,2026-07-28
603895,c35,C35专用设备制造业,证监会行业分类,2026-07-28
603896,c27,C27医药制造业,证监会行业分类,2026-07-28
603897,c38,C38电气机械和器材制造业,证监会行业分类,2026-07-28
603898,c21,C21家具制造业,证监会行业分类,2026-07-28
603899,c24,C24文教、工美、体育和娱乐用品制造业,证监会行业分类,2026-07-28
603900,f52,F52零售业,证监会行业分类,2026-07-28
603901,c34,C34通用设备制造业,证监会行业分类,2026-07-28
603903,n77,N77生态保护和环境治理业,证监会行业分类,2026-07-28
603906,c39,C39计算机、通信和其他电子设备制造业,证监会行业分类,2026-07-28
603908,c17,C17纺织业,证监会行业分类,2026-07-28
603909,e48,E48土木工程建筑业,证监会行业分类,2026-07-28
603912,c34,C34通用设备制造业,证监会行业分类,2026-07-28
603915,c34,C34通用设备制造业,证监会行业分类,2026-07-28
603916,c26,C26化学原料和化学制品制造业,证监会行业分类,2026-07-28
603917,c35,C35专用设备制造业,证监会行业分类,2026-07-28
603918,i65,I65软件和信息技术服务业,证监会行业分类,2026-07-28
603919,c15,C15酒、饮料和精制茶制造业,证监会行业分类,2026-07-28
603920,c39,C39计算机、通信和其他电子设备制造业,证监会行业分类,2026-07-28
603922,c36,C36汽车制造业,证监会行业分类,2026-07-28
603926,c36,C36汽车制造业,证监会行业分类,2026-07-28
603927,i65,I65软件和信息技术服务业,证监会行业分类,2026-07-28
603928,c26,C26化学原料和化学制品制造业,证监会行业分类,2026-07-28
603929,e49,E49建筑安装业,证监会行业分类,2026-07-28
603931,c26,C26化学原料和化学制品制造业,证监会行业分类,2026-07-28
603933,c39,C39计算机、通信和其他电子设备制造业,证监会行业分类,2026-07-28
603936,c39,C39计算机、通信和其他电子设备制造业,证监会行业分类,2026-07-28
603937,c33,C33金属制品业,证监会行业分类,2026-07-28
603938,c26,C26化学原料和化学制品制造业,证监会行业分类,2026-07-28
603939,f52,F52零售业,证监会行业分类,2026-07-28
603948,c26,C26化学原料和化学制品制造业,证监会行业分类,2026-07-28
603949,c36,C36汽车制造业,证监会行业分类,2026-07-28
603950,c36,C36汽车制造业,证监会行业分类,2026-07-28
603955,e48,E48土木工程建筑业,证监会行业分类,2026-07-28
603956,c35,C35专用设备制造业,证监会行业分类,2026-07-28
603958,c19,C19皮革、毛皮、羽毛及其制品和制鞋业,证监会行业分类,2026-07-28
603959,e48,E48土木工程建筑业,证监会行业分类,2026-07-28
603960,c35,C35专用设备制造业,证监会行业分类,2026-07-28
603966,c34,C34通用设备制造业,证监会行业分类,2026-07-28
603967,g58,G58多式联运和运输代理业,证监会行业分类,2026-07-28
603968,c26,C26化学原料和化学制品制造业,证监会行业分类,2026-07-28
603969,c33,C33金属制品业,证监会行业分类,2026-07-28
603970,f51,F51批发业,证监会行业分类,2026-07-28
603976,c27,C27医药制造业,证监会行业分类,2026-07-28
603977,c26,C26化学原料和化学制品制造业,证监会行业分类,2026-07-28
603978,c32,C32有色金属冶炼和压延加工业,证监会行业分类,2026-07-28
603979,b11,B11开采专业及辅助性活动,证监会行业分类,2026-07-28
603980,c26,C26化学原料和化学制品制造业,证监会行业分类,2026-07-28
603982,c36,C36汽车制造业,证监会行业分类,2026-07-28
603983,c26,C26化学原料和化学制品制造业,证监会行业分类,2026-07-28
603985,c33,C33金属制品业,证监会行业分类,2026-07-28
603986,c39,C39计算机、通信和其他电子设备制造业,证监会行业分类,2026-07-28
603987,c35,C35专用设备制造业,证监会行业分类,2026-07-28
603988,c38,C38电气机械和器材制造业,证监会行业分类,2026-07-28
603989,c39,C39计算机、通信和其他电子设备制造业,证监会行业分类,2026-07-28
603990,i65,I65软件和信息技术服务业,证监会行业分类,2026-07-28
603991,c29,C29橡胶和塑料制品业,证监会行业分类,2026-07-28
603992,c29,C29橡胶和塑料制品业,证监会行业分类,2026-07-28
603993,b09,B09有色金属矿采选业,证监会行业分类,2026-07-28
603995,c31,C31黑色金属冶炼和压延加工业,证监会行业分类,2026-07-28
603997,c36,C36汽车制造业,证监会行业分类,2026-07-28
603998,c27,C27医药制造业,证监会行业分类,2026-07-28
603999,r86,R86新闻和出版业,证监会行业分类,2026-07-28
605001,c37,C37铁路、船舶、航空航天和其他运输设备制造业,证监会行业分类,2026-07-28
605003,c17,C17纺织业,证监会行业分类,2026-07-28
605005,c36,C36汽车制造业,证监会行业分类,2026-07-28
605006,c30,C30非金属矿物制品业,证监会行业分类,2026-07-28
605007,c22,C22造纸和纸制品业,证监会行业分类,2026-07-28
605008,c26,C26化学原料和化学制品制造业,证监会行业分类,2026-07-28
605009,c22,C22造纸和纸制品业,证监会行业分类,2026-07-28
605011,d44,D44电力、热力生产和供应业,证监会行业分类,2026-07-28
605016,c14,C14食品制造业,证监会行业分类,2026-07-28
605018,c36,C36汽车制造业,证监会行业分类,2026-07-28
605020,c26,C26化学原料和化学制品制造业,证监会行业分类,2026-07-28
605028,d44,D44电力、热力生产和供应业,证监会行业分类,2026-07-28
605033,c26,C26化学原料和化学制品制造业,证监会行业分类,2026-07-28
605050,g58,G58多式联运和运输代理业,证监会行业分类,2026-07-28
605055,c17,C17纺织业,证监会行业分类,2026-07-28
605056,f51,F51批发业,证监会行业分类,2026-07-28
605058,c39,C39计算机、通信和其他电子设备制造业,证监会行业分类,2026-07-28
605060,c34,C34通用设备制造业,证监会行业分类,2026-07-28
605066,c38,C38电气机械和器材制造业,证监会行业分类,2026-07-28
605068,c19,C19皮革、毛皮、羽毛及其制品和制鞋业,证监会行业分类,2026-07-28
605069,n77,N77生态保护和环境治理业,证监会行业分类,2026-07-28
605077,c14,C14食品制造业,证监会行业分类,2026-07-28
605080,c17,C17纺织业,证监会行业分类,2026-07-28
605086,b10,B10非金属矿采选业,证监会行业分类,2026-07-28
605088,c36,C36汽车制造业,证监会行业分类,2026-07-28
605089,c13,C13农副食品加工业,证监会行业分类,2026-07-28
605090,d45,D45燃气生产和供应业,证监会行业分类,2026-07-28
605098,p83,P83教育,证监会行业分类,2026-07-28
605099,c29,C29橡胶和塑料制品业,证监会行业分类,2026-07-28
605100,c34,C34通用设备制造业,证监会行业分类,2026-07-28
605108,h62,H62餐饮业,证监会行业分类,2026-07-28
605111,c39,C39计算机、通信和其他电子设备制造业,证监会行业分类,2026-07-28
605116,c27,C27医药制造业,证监会行业分类,2026-07-28
605117,c38,C38电气机械和器材制造业,证监会行业分类,2026-07-28
605118,c39,C39计算机、通信和其他电子设备制造业,证监会行业分类,2026-07-28
605122,c30,C30非金属矿物制品业,证监会行业分类,2026-07-28
605123,c33,C33金属制品业,证监会行业分类,2026-07-28
605128,c36,C36汽车制造业,证监会行业分类,2026-07-28
605133,c36,C36汽车制造业,证监会行业分类,2026-07-28
605136,f52,F52零售业,证监会行业分类,2026-07-28
605138,c18,C18纺织服装、服饰业,证监会行业分类,2026-07-28
605151,c36,C36汽车制造业,证监会行业分类,2026-07-28
605155,c17,C17纺织业,证监会行业分类,2026-07-28
605158,c33,C33金属制品业,证监会行业分类,2026-07-28
605162,d44,D44电力、热力生产和供应业,证监会行业分类,2026-07-28
605166,c26,C26化学原料和化学制品制造业,证监会行业分类,2026-07-28
605167,e48,E48土木工程建筑业,证监会行业分类,2026-07-28
605168,l72,L72商务服务业,证监会行业分类,2026-07-28
605169,d45,D45燃气生产和供应业,证监会行业分类,2026-07-28
605177,c27,C27医药制造业,证监会行业分类,2026-07-28
605178,e50,E50建筑装饰、装修和其他建筑业,证监会行业分类,2026-07-28
605179,c14,C14食品制造业,证监会行业分类,2026-07-28
605180,c17,C17纺织业,证监会行业分类,2026-07-28
605183,c26,C26化学原料和化学制品制造业,证监会行业分类,2026-07-28
605186,c35,C35专用设备制造业,证监会行业分类,2026-07-28
605188,f52,F52零售业,证监会行业分类,2026-07-28
605189,c17,C17纺织业,证监会行业分类,2026-07-28
605196,c38,C38电气机械和器材制造业,证监会行业分类,2026-07-28
605198,c15,C15酒、饮料和精制茶制造业,证监会行业分类,2026-07-28
605199,c27,C27医药制造业,证监会行业分类,2026-07-28
605208,c32,C32有色金属冶炼和压延加工业,证监会行业分类,2026-07-28
605218,c39,C39计算机、通信和其他电子设备制造业,证监会行业分类,2026-07-28
605222,c38,C38电气机械和器材制造业,证监会行业分类,2026-07-28
605228,c36,C36汽车制造业,证监会行业分类,2026-07-28
605255,c29,C29橡胶和塑料制品业,证监会行业分类,2026-07-28
605258,c39,C39计算机、通信和其他电子设备制造业,证监会行业分类,2026-07-28
605259,c34,C34通用设备制造业,证监会行业分类,2026-07-28
605266,f52,F52零售业,证监会行业分类,2026-07-28
605268,c33,C33金属制品业,证监会行业分类,2026-07-28
605277,c38,C38电气机械和器材制造业,证监会行业分类,2026-07-28
605286,c34,C34通用设备制造业,证监会行业分类,2026-07-28
605287,e50,E50建筑装饰、装修和其他建筑业,证监会行业分类,2026-07-28
605288,c38,C38电气机械和器材制造业,证监会行业分类,2026-07-28
605289,e50,E50建筑装饰、装修和其他建筑业,证监会行业分类,2026-07-28
605296,a03,A03畜牧业,证监会行业分类,2026-07-28
605298,c37,C37铁路、船舶、航空航天和其他运输设备制造业,证监会行业分类,2026-07-28
605299,c24,C24文教、工美、体育和娱乐用品制造业,证监会行业分类,2026-07-28
605300,c14,C14食品制造业,证监会行业分类,2026-07-28
605303,e48,E48土木工程建筑业,证监会行业分类,2026-07-28
605305,c35,C35专用设备制造业,证监会行业分类,2026-07-28
605318,c41,C41其他制造业,证监会行业分类,2026-07-28
605319,c36,C36汽车制造业,证监会行业分类,2026-07-28
605333,c36,C36汽车制造业,证监会行业分类,2026-07-28
605336,c38,C38电气机械和器材制造业,证监会行业分类,2026-07-28
605337,c15,C15酒、饮料和精制茶制造业,证监会行业分类,2026-07-28
605338,c14,C14食品制造业,证监会行业分类,2026-07-28
605339,c14,C14食品制造业,证监会行业分类,2026-07-28
605358,c39,C39计算机、通信和其他电子设备制造业,证监会行业分类,2026-07-28
605365,c38,C38电气机械和器材制造业,证监会行业分类,2026-07-28
605366,c26,C26化学原料和化学制品制造业,证监会行业分类,2026-07-28
605368,d45,D45燃气生产和供应业,证监会行业分类,2026-07-28
605369,c35,C35专用设备制造业,证监会行业分类,2026-07-28
605376,c39,C39计算机、通信和其他电子设备制造业,证监会行业分类,2026-07-28
605377,c22,C22造纸和纸制品业,证监会行业分类,2026-07-28
605378,c38,C38电气机械和器材制造业,证监会行业分类,2026-07-28
605388,c15,C15酒、饮料和精制茶制造业,证监会行业分类,2026-07-28
605389,c34,C34通用设备制造业,证监会行业分类,2026-07-28
605398,i65,I65软件和信息技术服务业,证监会行业分类,2026-07-28
605399,c26,C26化学原料和化学制品制造业,证监会行业分类,2026-07-28
605488,c29,C29橡胶和塑料制品业,证监会行业分类,2026-07-28
605499,c15,C15酒、饮料和精制茶制造业,证监会行业分类,2026-07-28
605500,c22,C22造纸和纸制品业,证监会行业分类,2026-07-28
605507,c27,C27医药制造业,证监会行业分类,2026-07-28
605555,c38,C38电气机械和器材制造业,证监会行业分类,2026-07-28
605566,c26,C26化学原料和化学制品制造业,证监会行业分类,2026-07-28
605567,c13,C13农副食品加工业,证监会行业分类,2026-07-28
605577,r86,R86新闻和出版业,证监会行业分类,2026-07-28
605580,d44,D44电力、热力生产和供应业,证监会行业分类,2026-07-28
605588,c39,C39计算机、通信和其他电子设备制造业,证监会行业分类,2026-07-28
605589,c26,C26化学原料和化学制品制造业,证监会行业分类,2026-07-28
605598,e48,E48土木工程建筑业,证监会行业分类,2026-07-28
605599,f52,F52零售业,证监会行业分类,2026-07-28
688001,c35,C35专用设备制造业,证监会行业分类,2026-07-28
688002,c39,C39计算机、通信和其他电子设备制造业,证监会行业分类,2026-07-28
688003,c35,C35专用设备制造业,证监会行业分类,2026-07-28
688004,i65,I65软件和信息技术服务业,证监会行业分类,2026-07-28
688005,c39,C39计算机、通信和其他电子设备制造业,证监会行业分类,2026-07-28
688006,c35,C35专用设备制造业,证监会行业分类,2026-07-28
688007,c39,C39计算机、通信和其他电子设备制造业,证监会行业分类,2026-07-28
688008,c39,C39计算机、通信和其他电子设备制造业,证监会行业分类,2026-07-28
688009,c37,C37铁路、船舶、航空航天和其他运输设备制造业,证监会行业分类,2026-07-28
688010,c40,C40仪器仪表制造业,证监会行业分类,2026-07-28
688011,c39,C39计算机、通信和其他电子设备制造业,证监会行业分类,2026-07-28
688012,c35,C35专用设备制造业,证监会行业分类,2026-07-28
688013,c35,C35专用设备制造业,证监会行业分类,2026-07-28
688015,c37,C37铁路、船舶、航空航天和其他运输设备制造业,证监会行业分类,2026-07-28
688016,c35,C35专用设备制造业,证监会行业分类,2026-07-28
688017,c34,C34通用设备制造业,证监会行业分类,2026-07-28
688018,i65,I65软件和信息技术服务业,证监会行业分类,2026-07-28
688019,c39,C39计算机、通信和其他电子设备制造业,证监会行业分类,2026-07-28
688020,c39,C39计算机、通信和其他电子设备制造业,证监会行业分类,2026-07-28
688021,c35,C35专用设备制造业,证监会行业分类,2026-07-28
688022,c35,C35专用设备制造业,证监会行业分类,2026-07-28
688023,i65,I65软件和信息技术服务业,证监会行业分类,2026-07-28
688025,c39,C39计算机、通信和其他电子设备制造业,证监会行业分类,2026-07-28
688026,c29,C29橡胶和塑料制品业,证监会行业分类,2026-07-28
688027,c39,C39计算机、通信和其他电子设备制造业,证监会行业分类,2026-07-28
688028,c34,C34通用设备制造业,证监会行业分类,2026-07-28
688029,c35,C35专用设备制造业,证监会行业分类,2026-07-28
688030,i65,I65软件和信息技术服务业,证监会行业分类,2026-07-28
688031,i65,I65软件和信息技术服务业,证监会行业分类,2026-07-28
688032,c38,C38电气机械和器材制造业,证监会行业分类,2026-07-28
688033,c30,C30非金属矿物制品业,证监会行业分类,2026-07-28
688035,c39,C39计算机、通信和其他电子设备制造业,证监会行业分类,2026-07-28
688036,c39,C39计算机、通信和其他电子设备制造业,证监会行业分类,2026-07-28
688037,c35,C35专用设备制造业,证监会行业分类,2026-07-28
688038,i65,I65软件和信息技术服务业,证监会行业分类,2026-07-28
688039,i65,I65软件和信息技术服务业,证监会行业分类,2026-07-28
688041,c39,C39计算机、通信和其他电子设备制造业,证监会行业分类,2026-07-28
688045,i65,I65软件和信息技术服务业,证监会行业分类,2026-07-28
688046,m73,M73研究和试验发展,证监会行业分类,2026-07-28
688047,c39,C39计算机、通信和其他电子设备制造业,证监会行业分类,2026-07-28
688048,c39,C39计算机、通信和其他电子设备制造业,证监会行业分类,2026-07-28
688049,c39,C39计算机、通信和其他电子设备制造业,证监会行业分类,2026-07-28
688050,c35,C35专用设备制造业,证监会行业分类,2026-07-28
688051,i65,I65软件和信息技术服务业,证监会行业分类,2026-07-28
688052,i65,I65软件和信息技术服务业,证监会行业分类,2026-07-28
688053,m74,M74专业技术服务业,证监会行业分类,2026-07-28
688055,c39,C39计算机、通信和其他电子设备制造业,证监会行业分类,2026-07-28
688056,c40,C40仪器仪表制造业,证监会行业分类,2026-07-28
688057,n77,N77生态保护和环境治理业,证监会行业分类,2026-07-28
688058,i65,I65软件和信息技术服务业,证监会行业分类,2026-07-28
688059,c33,C33金属制品业,证监会行业分类,2026-07-28
688060,i65,I65软件和信息技术服务业,证监会行业分类,2026-07-28
688061,i65,I65软件和信息技术服务业,证监会行业分类,2026-07-28
688062,c27,C27医药制造业,证监会行业分类,2026-07-28
688063,c38,C38电气机械和器材制造业,证监会行业分类,2026-07-28
688065,c28,C28化学纤维制造业,证监会行业分类,2026-07-28
688066,i65,I65软件和信息技术服务业,证监会行业分类,2026-07-28
688067,c27,C27医药制造业,证监会行业分类,2026-07-28
688068,c27,C27医药制造业,证监会行业分类,2026-07-28
688069,n77,N77生态保护和环境治理业,证监会行业分类,2026-07-28
688070,c37,C37铁路、船舶、航空航天和其他运输设备制造业,证监会行业分类,2026-07-28
688071,c35,C35专用设备制造业,证监会行业分类,2026-07-28
688072,c35,C35专用设备制造业,证监会行业分类,2026-07-28
688073,m73,M73研究和试验发展,证监会行业分类,2026-07-28
688075,c27,C27医药制造业,证监会行业分类,2026-07-28
688076,c27,C27医药制造业,证监会行业分类,2026-07-28
688077,c30,C30非金属矿物制品业,证监会行业分类,2026-07-28
688078,i65,I65软件和信息技术服务业,证监会行业分类,2026-07-28
688079,c39,C39计算机、通信和其他电子设备制造业,证监会行业分类,2026-07-28
688080,c39,C39计算机、通信和其他电子设备制造业,证监会行业分类,2026-07-28
688081,c39,C39计算机、通信和其他电子设备制造业,证监会行业分类,2026-07-28
688082,c35,C35专用设备制造业,证监会行业分类,2026-07-28
688083,i65,I65软件和信息技术服务业,证监会行业分类,2026-07-28
688084,c35,C35专用设备制造业,证监会行业分类,2026-07-28
688085,c35,C35专用设备制造业,证监会行业分类,2026-07-28
688087,c42,C42废弃资源综合利用业,证监会行业分类,2026-07-28
688088,i65,I65软件和信息技术服务业,证监会行业分类,2026-07-28
688089,c14,C14食品制造业,证监会行业分类,2026-07-28
688090,c34,C34通用设备制造业,证监会行业分类,2026-07-28
688091,c27,C27医药制造业,证监会行业分类,2026-07-28
688092,c34,C34通用设备制造业,证监会行业分类,2026-07-28
688093,c39,C39计算机、通信和其他电子设备制造业,证监会行业分类,2026-07-28
688095,i65,I65软件和信息技术服务业,证监会行业分类,2026-07-28
688096,c35,C35专用设备制造业,证监会行业分类,2026-07-28
688097,c35,C35专用设备制造业,证监会行业分类,2026-07-28
688098,c27,C27医药制造业,证监会行业分类,2026-07-28
688099,i65,I65软件和信息技术服务业,证监会行业分类,2026-07-28
688100,c39,C39计算机、通信和其他电子设备制造业,证监会行业分类,2026-07-28
688101,c35,C35专用设备制造业,证监会行业分类,2026-07-28
688102,c32,C32有色金属冶炼和压延加工业,证监会行业分类,2026-07-28
688103,c39,C39计算机、通信和其他电子设备制造业,证监会行业分类,2026-07-28
688105,m73,M73研究和试验发展,证监会行业分类,2026-07-28
688106,c26,C26化学原料和化学制品制造业,证监会行业分类,2026-07-28
688107,c39,C39计算机、通信和其他电子设备制造业,证监会行业分类,2026-07-28
688108,c35,C35专用设备制造业,证监会行业分类,2026-07-28
688109,i65,I65软件和信息技术服务业,证监会行业分类,2026-07-28
688110,c39,C39计算机、通信和其他电子设备制造业,证监会行业分类,2026-07-28
688111,i65,I65软件和信息技术服务业,证监会行业分类,2026-07-28
688112,c40,C40仪器仪表制造业,证监会行业分类,2026-07-28
688113,c35,C35专用设备制造业,证监会行业分类,2026-07-28
688114,c35,C35专用设备制造业,证监会行业分类,2026-07-28
688115,c40,C40仪器仪表制造业,证监会行业分类,2026-07-28
688116,c26,C26化学原料和化学制品制造业,证监会行业分类,2026-07-28
688117,c27,C27医药制造业,证监会行业分类,2026-07-28
688118,i65,I65软件和信息技术服务业,证监会行业分类,2026-07-28
688119,c30,C30非金属矿物制品业,证监会行业分类,2026-07-28
688120,c35,C35专用设备制造业,证监会行业分类,2026-07-28
688121,c35,C35专用设备制造业,证监会行业分类,2026-07-28
688122,c32,C32有色金属冶炼和压延加工业,证监会行业分类,2026-07-28
688123,c39,C39计算机、通信和其他电子设备制造业,证监会行业分类,2026-07-28
688125,c35,C35专用设备制造业,证监会行业分类,2026-07-28
688126,c39,C39计算机、通信和其他电子设备制造业,证监会行业分类,2026-07-28
688127,c40,C40仪器仪表制造业,证监会行业分类,2026-07-28
688128,c35,C35专用设备制造业,证监会行业分类,2026-07-28
688129,c26,C26化学原料和化学制品制造业,证监会行业分类,2026-07-28
688130,i65,I65软件和信息技术服务业,证监会行业分类,2026-07-28
688131,m73,M73研究和试验发展,证监会行业分类,2026-07-28
688132,c39,C39计算机、通信和其他电子设备制造业,证监会行业分类,2026-07-28
688133,m73,M73研究和试验发展,证监会行业分类,2026-07-28
688135,c39,C39计算机、通信和其他电子设备制造业,证监会行业分类,2026-07-28
688136,c27,C27医药制造业,证监会行业分类,2026-07-28
688137,m73,M73研究和试验发展,证监会行业分类,2026-07-28
688138,c39,C39计算机、通信和其他电子设备制造业,证监会行业分类,2026-07-28
688139,c35,C35专用设备制造业,证监会行业分类,2026-07-28
688141,i65,I65软件和信息技术服务业,证监会行业分类,2026-07-28
688143,c39,C39计算机、通信和其他电子设备制造业,证监会行业分类,2026-07-28
688146,c39,C39计算机、通信和其他电子设备制造业,证监会行业分类,2026-07-28
688147,c35,C35专用设备制造业,证监会行业分类,2026-07-28
688148,c39,C39计算机、通信和其他电子设备制造业,证监会行业分类,2026-07-28
688150,c39,C39计算机、通信和其他电子设备制造业,证监会行业分类,2026-07-28
688151,c27,C27医药制造业,证监会行业分类,2026-07-28
688152,i65,I65软件和信息技术服务业,证监会行业分类,2026-07-28
688153,c39,C39计算机、通信和其他电子设备制造业,证监会行业分类,2026-07-28
688155,c35,C35专用设备制造业,证监会行业分类,2026-07-28
688156,n77,N77生态保护和环境治理业,证监会行业分类,2026-07-28
688157,c26,C26化学原料和化学制品制造业,证监会行业分类,2026-07-28
688158,i64,I64互联网和相关服务,证监会行业分类,2026-07-28
688159,c39,C39计算机、通信和其他电子设备制造业,证监会行业分类,2026-07-28
688160,c40,C40仪器仪表制造业,证监会行业分类,2026-07-28
688161,c35,C35专用设备制造业,证监会行业分类,2026-07-28
688162,c35,C35专用设备制造业,证监会行业分类,2026-07-28
688163,c27,C27医药制造业,证监会行业分类,2026-07-28
688165,c34,C34通用设备制造业,证监会行业分类,2026-07-28
688166,c27,C27医药制造业,证监会行业分类,2026-07-28
688167,c39,C39计算机、通信和其他电子设备制造业,证监会行业分类,2026-07-28
688168,i65,I65软件和信息技术服务业,证监会行业分类,2026-07-28
688169,c39,C39计算机、通信和其他电子设备制造业,证监会行业分类,2026-07-28
688170,c35,C35专用设备制造业,证监会行业分类,2026-07-28
688171,i65,I65软件和信息技术服务业,证监会行业分类,2026-07-28
688172,c39,C39计算机、通信和其他电子设备制造业,证监会行业分类,2026-07-28
688173,i65,I65软件和信息技术服务业,证监会行业分类,2026-07-28
688175,c39,C39计算机、通信和其他电子设备制造业,证监会行业分类,2026-07-28
688176,c27,C27医药制造业,证监会行业分类,2026-07-28
688177,c27,C27医药制造业,证监会行业分类,2026-07-28
688178,n77,N77生态保护和环境治理业,证监会行业分类,2026-07-28
688179,m73,M73研究和试验发展,证监会行业分类,2026-07-28
688180,c27,C27医药制造业,证监会行业分类,2026-07-28
688181,c39,C39计算机、通信和其他电子设备制造业,证监会行业分类,2026-07-28
688182,c39,C39计算机、通信和其他电子设备制造业,证监会行业分类,2026-07-28
688183,c39,C39计算机、通信和其他电子设备制造业,证监会行业分类,2026-07-28
688184,c39,C39计算机、通信和其他电子设备制造业,证监会行业分类,2026-07-28
688185,c27,C27医药制造业,证监会行业分类,2026-07-28
688186,c34,C34通用设备制造业,证监会行业分类,2026-07-28
688187,c37,C37铁路、船舶、航空航天和其他运输设备制造业,证监会行业分类,2026-07-28
688188,i65,I65软件和信息技术服务业,证监会行业分类,2026-07-28
688189,c27,C27医药制造业,证监会行业分类,2026-07-28
688190,c31,C31黑色金属冶炼和压延加工业,证监会行业分类,2026-07-28
688191,i65,I65软件和信息技术服务业,证监会行业分类,2026-07-28
688192,c27,C27医药制造业,证监会行业分类,2026-07-28
688193,c27,C27医药制造业,证监会行业分类,2026-07-28
688195,c39,C39计算机、通信和其他电子设备制造业,证监会行业分类,2026-07-28
688196,c42,C42废弃资源综合利用业,证监会行业分类,2026-07-28
688197,c27,C27医药制造业,证监会行业分类,2026-07-28
688198,c35,C35专用设备制造业,证监会行业分类,2026-07-28
688199,c26,C26化学原料和化学制品制造业,证监会行业分类,2026-07-28
688200,c35,C35专用设备制造业,证监会行业分类,2026-07-28
688201,i65,I65软件和信息技术服务业,证监会行业分类,2026-07-28
688202,m73,M73研究和试验发展,证监会行业分类,2026-07-28
688203,c28,C28化学纤维制造业,证监会行业分类,2026-07-28
688205,c39,C39计算机、通信和其他电子设备制造业,证监会行业分类,2026-07-28
688206,i65,I65软件和信息技术服务业,证监会行业分类,2026-07-28
688207,i65,I65软件和信息技术服务业,证监会行业分类,2026-07-28
688208,c39,C39计算机、通信和其他电子设备制造业,证监会行业分类,2026-07-28
688209,c39,C39计算机、通信和其他电子设备制造业,证监会行业分类,2026-07-28
688210,c39,C39计算机、通信和其他电子设备制造业,证监会行业分类,2026-07-28
688211,c34,C34通用设备制造业,证监会行业分类,2026-07-28
688212,c35,C35专用设备制造业,证监会行业分类,2026-07-28
688213,i65,I65软件和信息技术服务业,证监会行业分类,2026-07-28
688215,c35,C35专用设备制造业,证监会行业分类,2026-07-28
688216,c39,C39计算机、通信和其他电子设备制造业,证监会行业分类,2026-07-28
688217,c27,C27医药制造业,证监会行业分类,2026-07-28
688218,c34,C34通用设备制造业,证监会行业分类,2026-07-28
688219,c29,C29橡胶和塑料制品业,证监会行业分类,2026-07-28
688220,c39,C39计算机、通信和其他电子设备制造业,证监会行业分类,2026-07-28
688221,c27,C27医药制造业,证监会行业分类,2026-07-28
688222,m73,M73研究和试验发展,证监会行业分类,2026-07-28
688223,c38,C38电气机械和器材制造业,证监会行业分类,2026-07-28
688225,i65,I65软件和信息技术服务业,证监会行业分类,2026-07-28
688226,c38,C38电气机械和器材制造业,证监会行业分类,2026-07-28
688227,i65,I65软件和信息技术服务业,证监会行业分类,2026-07-28
688228,i65,I65软件和信息技术服务业,证监会行业分类,2026-07-28
688229,i65,I65软件和信息技术服务业,证监会行业分类,2026-07-28
688230,c39,C39计算机、通信和其他电子设备制造业,证监会行业分类,2026-07-28
688231,c32,C32有色金属冶炼和压延加工业,证监会行业分类,2026-07-28
688232,i65,I65软件和信息技术服务业,证监会行业分类,2026-07-28
688233,c39,C39计算机、通信和其他电子设备制造业,证监会行业分类,2026-07-28
688234,c39,C39计算机、通信和其他电子设备制造业,证监会行业分类,2026-07-28
688235,c27,C27医药制造业,证监会行业分类,2026-07-28
688236,c35,C35专用设备制造业,证监会行业分类,2026-07-28
688237,c37,C37铁路、船舶、航空航天和其他运输设备制造业,证监会行业分类,2026-07-28
688238,m73,M73研究和试验发展,证监会行业分类,2026-07-28
688239,c37,C37铁路、船舶、航空航天和其他运输设备制造业,证监会行业分类,2026-07-28
688244,i65,I65软件和信息技术服务业,证监会行业分类,2026-07-28
688246,i65,I65软件和信息技术服务业,证监会行业分类,2026-07-28
688247,c27,C27医药制造业,证监会行业分类,2026-07-28
688248,m74,M74专业技术服务业,证监会行业分类,2026-07-28
688249,c39,C39计算机、通信和其他电子设备制造业,证监会行业分类,2026-07-28
688251,c34,C34通用设备制造业,证监会行业分类,2026-07-28
688252,i65,I65软件和信息技术服务业,证监会行业分类,2026-07-28
688253,c27,C27医药制造业,证监会行业分类,2026-07-28
688255,c34,C34通用设备制造业,证监会行业分类,2026-07-28
688256,i65,I65软件和信息技术服务业,证监会行业分类,2026-07-28
688257,c32,C32有色金属冶炼和压延加工业,证监会行业分类,2026-07-28
688258,i65,I65软件和信息技术服务业,证监会行业分类,2026-07-28
688259,i65,I65软件和信息技术服务业,证监会行业分类,2026-07-28
688260,c39,C39计算机、通信和其他电子设备制造业,证监会行业分类,2026-07-28
688261,c39,C39计算机、通信和其他电子设备制造业,证监会行业分类,2026-07-28
688262,i65,I65软件和信息技术服务业,证监会行业分类,2026-07-28
688265,m73,M73研究和试验发展,证监会行业分类,2026-07-28
688266,c27,C27医药制造业,证监会行业分类,2026-07-28
688267,c26,C26化学原料和化学制品制造业,证监会行业分类,2026-07-28
688268,c39,C39计算机、通信和其他电子设备制造业,证监会行业分类,2026-07-28
688269,c26,C26化学原料和化学制品制造业,证监会行业分类,2026-07-28
688270,c39,C39计算机、通信和其他电子设备制造业,证监会行业分类,2026-07-28
688271,c35,C35专用设备制造业,证监会行业分类,2026-07-28
688272,c39,C39计算机、通信和其他电子设备制造业,证监会行业分类,2026-07-28
688273,c35,C35专用设备制造业,证监会行业分类,2026-07-28
688275,c39,C39计算机、通信和其他电子设备制造业,证监会行业分类,2026-07-28
688276,c27,C27医药制造业,证监会行业分类,2026-07-28
688277,c35,C35专用设备制造业,证监会行业分类,2026-07-28
688278,c27,C27医药制造业,证监会行业分类,2026-07-28
688279,i65,I65软件和信息技术服务业,证监会行业分类,2026-07-28
688280,c36,C36汽车制造业,证监会行业分类,2026-07-28
688281,c41,C41其他制造业,证监会行业分类,2026-07-28
688282,c39,C39计算机、通信和其他电子设备制造业,证监会行业分类,2026-07-28
688283,c40,C40仪器仪表制造业,证监会行业分类,2026-07-28
688285,c37,C37铁路、船舶、航空航天和其他运输设备制造业,证监会行业分类,2026-07-28
688286,c39,C39计算机、通信和其他电子设备制造业,证监会行业分类,2026-07-28
688288,c39,C39计算机、通信和其他电子设备制造业,证监会行业分类,2026-07-28
688289,c27,C27医药制造业,证监会行业分类,2026-07-28
688290,c35,C35专用设备制造业,证监会行业分类,2026-07-28
688291,i65,I65软件和信息技术服务业,证监会行业分类,2026-07-28
688292,i65,I65软件和信息技术服务业,证监会行业分类,2026-07-28
688293,m73,M73研究和试验发展,证监会行业分类,2026-07-28
688295,c28,C28化学纤维制造业,证监会行业分类,2026-07-28
688296,i65,I65软件和信息技术服务业,证监会行业分类,2026-07-28
688297,c37,C37铁路、船舶、航空航天和其他运输设备制造业,证监会行业分类,2026-07-28
688298,c27,C27医药制造业,证监会行业分类,2026-07-28
688299,c29,C29橡胶和塑料制品业,证监会行业分类,2026-07-28
688300,c39,C39计算机、通信和其他电子设备制造业,证监会行业分类,2026-07-28
688301,c35,C35专用设备制造业,证监会行业分类,2026-07-28
688302,c27,C27医药制造业,证监会行业分类,2026-07-28
688303,c38,C38电气机械和器材制造业,证监会行业分类,2026-07-28
688305,c34,C34通用设备制造业,证监会行业分类,2026-07-28
688306,c35,C35专用设备制造业,证监会行业分类,2026-07-28
688307,c39,C39计算机、通信和其他电子设备制造业,证监会行业分类,2026-07-28
688308,c33,C33金属制品业,证监会行业分类,2026-07-28
688309,c35,C35专用设备制造业,证监会行业分类,2026-07-28
688310,c35,C35专用设备制造业,证监会行业分类,2026-07-28
688311,c39,C39计算机、通信和其他电子设备制造业,证监会行业分类,2026-07-28
688312,c35,C35专用设备制造业,证监会行业分类,2026-07-28
688313,c39,C39计算机、通信和其他电子设备制造业,证监会行业分类,2026-07-28
688314,c35,C35专用设备制造业,证监会行业分类,2026-07-28
688315,m73,M73研究和试验发展,证监会行业分类,2026-07-28
688316,i64,I64互联网和相关服务,证监会行业分类,2026-07-28
688317,c27,C27医药制造业,证监会行业分类,2026-07-28
688318,i65,I65软件和信息技术服务业,证监会行业分类,2026-07-28
688319,c27,C27医药制造业,证监会行业分类,2026-07-28
688320,c40,C40仪器仪表制造业,证监会行业分类,2026-07-28
688321,c27,C27医药制造业,证监会行业分类,2026-07-28
688322,c39,C39计算机、通信和其他电子设备制造业,证监会行业分类,2026-07-28
688323,c29,C29橡胶和塑料制品业,证监会行业分类,2026-07-28
688325,i65,I65软件和信息技术服务业,证监会行业分类,2026-07-28
688326,c39,C39计算机、通信和其他电子设备制造业,证监会行业分类,2026-07-28
688327,i65,I65软件和信息技术服务业,证监会行业分类,2026-07-28
688328,c35,C35专用设备制造业,证监会行业分类,2026-07-28
688329,c35,C35专用设备制造业,证监会行业分类,2026-07-28
688330,c38,C38电气机械和器材制造业,证监会行业分类,2026-07-28
688331,c27,C27医药制造业,证监会行业分类,2026-07-28
688332,c39,C39计算机、通信和其他电子设备制造业,证监会行业分类,2026-07-28
688333,c34,C34通用设备制造业,证监会行业分类,2026-07-28
688334,m74,M74专业技术服务业,证监会行业分类,2026-07-28
688335,c35,C35专用设备制造业,证监会行业分类,2026-07-28
688336,c27,C27医药制造业,证监会行业分类,2026-07-28
688337,c40,C40仪器仪表制造业,证监会行业分类,2026-07-28
688338,c27,C27医药制造业,证监会行业分类,2026-07-28
688339,c38,C38电气机械和器材制造业,证监会行业分类,2026-07-28
688343,i65,I65软件和信息技术服务业,证监会行业分类,2026-07-28
688345,c38,C38电气机械和器材制造业,证监会行业分类,2026-07-28
688347,c39,C39计算机、通信和其他电子设备制造业,证监会行业分类,2026-07-28
688348,c38,C38电气机械和器材制造业,证监会行业分类,2026-07-28
688349,c38,C38电气机械和器材制造业,证监会行业分类,2026-07-28
688350,c26,C26化学原料和化学制品制造业,证监会行业分类,2026-07-28
688351,c35,C35专用设备制造业,证监会行业分类,2026-07-28
688352,c39,C39计算机、通信和其他电子设备制造业,证监会行业分类,2026-07-28
688353,c26,C26化学原料和化学制品制造业,证监会行业分类,2026-07-28
688355,c33,C33金属制品业,证监会行业分类,2026-07-28
688356,c26,C26化学原料和化学制品制造业,证监会行业分类,2026-07-28
688357,c26,C26化学原料和化学制品制造业,证监会行业分类,2026-07-28
688358,c35,C35专用设备制造业,证监会行业分类,2026-07-28
688359,c26,C26化学原料和化学制品制造业,证监会行业分类,2026-07-28
688360,c34,C34通用设备制造业,证监会行业分类,2026-07-28
688361,c35,C35专用设备制造业,证监会行业分类,2026-07-28
688362,c39,C39计算机、通信和其他电子设备制造业,证监会行业分类,2026-07-28
688363,c26,C26化学原料和化学制品制造业,证监会行业分类,2026-07-28
688365,i65,I65软件和信息技术服务业,证监会行业分类,2026-07-28
688366,c35,C35专用设备制造业,证监会行业分类,2026-07-28
688367,c37,C37铁路、船舶、航空航天和其他运输设备制造业,证监会行业分类,2026-07-28
688368,i65,I65软件和信息技术服务业,证监会行业分类,2026-07-28
688369,i65,I65软件和信息技术服务业,证监会行业分类,2026-07-28
688370,n77,N77生态保护和环境治理业,证监会行业分类,2026-07-28
688371,c39,C39计算机、通信和其他电子设备制造业,证监会行业分类,2026-07-28
688372,m74,M74专业技术服务业,证监会行业分类,2026-07-28
688373,c27,C27医药制造业,证监会行业分类,2026-07-28
688375,c39,C39计算机、通信和其他电子设备制造业,证监会行业分类,2026-07-28
688376,c35,C35专用设备制造业,证监会行业分类,2026-07-28
688377,c35,C35专用设备制造业,证监会行业分类,2026-07-28
688378,c39,C39计算机、通信和其他电子设备制造业,证监会行业分类,2026-07-28
688379,c33,C33金属制品业,证监会行业分类,2026-07-28
688380,c39,C39计算机、通信和其他电子设备制造业,证监会行业分类,2026-07-28
688381,c39,C39计算机、通信和其他电子设备制造业,证监会行业分类,2026-07-28
688382,c27,C27医药制造业,证监会行业分类,2026-07-28
688383,c35,C35专用设备制造业,证监会行业分类,2026-07-28
688385,c39,C39计算机、通信和其他电子设备制造业,证监会行业分类,2026-07-28
688386,c29,C29橡胶和塑料制品业,证监会行业分类,2026-07-28
688387,c39,C39计算机、通信和其他电子设备制造业,证监会行业分类,2026-07-28
688388,c39,C39计算机、通信和其他电子设备制造业,证监会行业分类,2026-07-28
688389,c35,C35专用设备制造业,证监会行业分类,2026-07-28
688390,c38,C38电气机械和器材制造业,证监会行业分类,2026-07-28
688391,i65,I65软件和信息技术服务业,证监会行业分类,2026-07-28
688392,c35,C35专用设备制造业,证监会行业分类,2026-07-28
688393,c27,C27医药制造业,证监会行业分类,2026-07-28
688395,c38,C38电气机械和器材制造业,证监会行业分类,2026-07-28
688396,c39,C39计算机、通信和其他电子设备制造业,证监会行业分类,2026-07-28
688398,c30,C30非金属矿物制品业,证监会行业分类,2026-07-28
688399,c27,C27医药制造业,证监会行业分类,2026-07-28
688400,c39,C39计算机、通信和其他电子设备制造业,证监会行业分类,2026-07-28
688401,c39,C39计算机、通信和其他电子设备制造业,证监会行业分类,2026-07-28
688403,c39,C39计算机、通信和其他电子设备制造业,证监会行业分类,2026-07-28
688408,c38,C38电气机械和器材制造业,证监会行业分类,2026-07-28
688409,c34,C34通用设备制造业,证监会行业分类,2026-07-28
688410,c35,C35专用设备制造业,证监会行业分类,2026-07-28
688411,c38,C38电气机械和器材制造业,证监会行业分类,2026-07-28
688416,c39,C39计算机、通信和其他电子设备制造业,证监会行业分类,2026-07-28
688418,c39,C39计算机、通信和其他电子设备制造业,证监会行业分类,2026-07-28
688419,c35,C35专用设备制造业,证监会行业分类,2026-07-28
688420,c35,C35专用设备制造业,证监会行业分类,2026-07-28
688425,c35,C35专用设备制造业,证监会行业分类,2026-07-28
688426,c27,C27医药制造业,证监会行业分类,2026-07-28
688428,c27,C27医药制造业,证监会行业分类,2026-07-28
688429,c38,C38电气机械和器材制造业,证监会行业分类,2026-07-28
688432,c39,C39计算机、通信和其他电子设备制造业,证监会行业分类,2026-07-28
688433,c34,C34通用设备制造业,证监会行业分类,2026-07-28
688435,i65,I65软件和信息技术服务业,证监会行业分类,2026-07-28
688439,c39,C39计算机、通信和其他电子设备制造业,证监会行业分类,2026-07-28
688443,c27,C27医药制造业,证监会行业分类,2026-07-28
688448,c34,C34通用设备制造业,证监会行业分类,2026-07-28
688449,i65,I65软件和信息技术服务业,证监会行业分类,2026-07-28
688450,c39,C39计算机、通信和其他电子设备制造业,证监会行业分类,2026-07-28
688455,c34,C34通用设备制造业,证监会行业分类,2026-07-28
688456,c33,C33金属制品业,证监会行业分类,2026-07-28
688458,c39,C39计算机、通信和其他电子设备制造业,证监会行业分类,2026-07-28
688459,c37,C37铁路、船舶、航空航天和其他运输设备制造业,证监会行业分类,2026-07-28
688466,n77,N77生态保护和环境治理业,证监会行业分类,2026-07-28
688468,c27,C27医药制造业,证监会行业分类,2026-07-28
688469,c39,C39计算机、通信和其他电子设备制造业,证监会行业分类,2026-07-28
688472,c38,C38电气机械和器材制造业,证监会行业分类,2026-07-28
688475,c39,C39计算机、通信和其他电子设备制造业,证监会行业分类,2026-07-28
688478,c35,C35专用设备制造业,证监会行业分类,2026-07-28
688479,i65,I65软件和信息技术服务业,证监会行业分类,2026-07-28
688480,n77,N77生态保护和环境治理业,证监会行业分类,2026-07-28
688484,i65,I65软件和信息技术服务业,证监会行业分类,2026-07-28
688485,n77,N77生态保护和环境治理业,证监会行业分类,2026-07-28
688486,i65,I65软件和信息技术服务业,证监会行业分类,2026-07-28
688488,c27,C27医药制造业,证监会行业分类,2026-07-28
688489,c39,C39计算机、通信和其他电子设备制造业,证监会行业分类,2026-07-28
688496,c39,C39计算机、通信和其他电子设备制造业,证监会行业分类,2026-07-28
688498,c39,C39计算机、通信和其他电子设备制造业,证监会行业分类,2026-07-28
688499,c35,C35专用设备制造业,证监会行业分类,2026-07-28
688500,i65,I65软件和信息技术服务业,证监会行业分类,2026-07-28
688501,c35,C35专用设备制造业,证监会行业分类,2026-07-28
688502,c40,C40仪器仪表制造业,证监会行业分类,2026-07-28
688503,c38,C38电气机械和器材制造业,证监会行业分类,2026-07-28
688505,c27,C27医药制造业,证监会行业分类,2026-07-28
688506,c27,C27医药制造业,证监会行业分类,2026-07-28
688507,i65,I65软件和信息技术服务业,证监会行业分类,2026-07-28
688508,i65,I65软件和信息技术服务业,证监会行业分类,2026-07-28
688509,m74,M74专业技术服务业,证监会行业分类,2026-07-28
688510,c37,C37铁路、船舶、航空航天和其他运输设备制造业,证监会行业分类,2026-07-28
688511,c39,C39计算机、通信和其他电子设备制造业,证监会行业分类,2026-07-28
688512,c39,C39计算机、通信和其他电子设备制造业,证监会行业分类,2026-07-28
688513,c27,C27医药制造业,证监会行业分类,2026-07-28
688515,i65,I65软件和信息技术服务业,证监会行业分类,2026-07-28
688516,c35,C35专用设备制造业,证监会行业分类,2026-07-28
688517,c38,C38电气机械和器材制造业,证监会行业分类,2026-07-28
688518,c35,C35专用设备制造业,证监会行业分类,2026-07-28
688519,c39,C39计算机、通信和其他电子设备制造业,证监会行业分类,2026-07-28
688520,c27,C27医药制造业,证监会行业分类,2026-07-28
688521,i65,I65软件和信息技术服务业,证监会行业分类,2026-07-28
688522,c39,C39计算机、通信和其他电子设备制造业,证监会行业分类,2026-07-28
688523,c37,C37铁路、船舶、航空航天和其他运输设备制造业,证监会行业分类,2026-07-28
688525,c39,C39计算机、通信和其他电子设备制造业,证监会行业分类,2026-07-28
688526,c27,C27医药制造业,证监会行业分类,2026-07-28
688528,c40,C40仪器仪表制造业,证监会行业分类,2026-07-28
688529,c35,C35专用设备制造业,证监会行业分类,2026-07-28
688530,c39,C39计算机、通信和其他电子设备制造业,证监会行业分类,2026-07-28
688531,c35,C35专用设备制造业,证监会行业分类,2026-07-28
688533,c39,C39计算机、通信和其他电子设备制造业,证监会行业分类,2026-07-28
688535,c39,C39计算机、通信和其他电子设备制造业,证监会行业分类,2026-07-28
688536,i65,I65软件和信息技术服务业,证监会行业分类,2026-07-28
688538,c39,C39计算机、通信和其他电子设备制造业,证监会行业分类,2026-07-28
688539,c39,C39计算机、通信和其他电子设备制造业,证监会行业分类,2026-07-28
688543,c37,C37铁路、船舶、航空航天和其他运输设备制造业,证监会行业分类,2026-07-28
688545,c39,C39计算机、通信和其他电子设备制造业,证监会行业分类,2026-07-28
688548,c39,C39计算机、通信和其他电子设备制造业,证监会行业分类,2026-07-28
688549,c39,C39计算机、通信和其他电子设备制造业,证监会行业分类,2026-07-28
688550,c26,C26化学原料和化学制品制造业,证监会行业分类,2026-07-28
688551,c35,C35专用设备制造业,证监会行业分类,2026-07-28
688552,c39,C39计算机、通信和其他电子设备制造业,证监会行业分类,2026-07-28
688553,c27,C27医药制造业,证监会行业分类,2026-07-28
688556,c35,C35专用设备制造业,证监会行业分类,2026-07-28
688557,c34,C34通用设备制造业,证监会行业分类,2026-07-28
688558,c34,C34通用设备制造业,证监会行业分类,2026-07-28
688559,c35,C35专用设备制造业,证监会行业分类,2026-07-28
688560,c29,C29橡胶和塑料制品业,证监会行业分类,2026-07-28
688561,i65,I65软件和信息技术服务业,证监会行业分类,2026-07-28
688562,i65,I65软件和信息技术服务业,证监会行业分类,2026-07-28
688563,c37,C37铁路、船舶、航空航天和其他运输设备制造业,证监会行业分类,2026-07-28
688565,c35,C35专用设备制造业,证监会行业分类,2026-07-28
688566,c27,C27医药制造业,证监会行业分类,2026-07-28
688567,c38,C38电气机械和器材制造业,证监会行业分类,2026-07-28
688568,i65,I65软件和信息技术服务业,证监会行业分类,2026-07-28
688569,c37,C37铁路、船舶、航空航天和其他运输设备制造业,证监会行业分类,2026-07-28
688570,c40,C40仪器仪表制造业,证监会行业分类,2026-07-28
688571,c26,C26化学原料和化学制品制造业,证监会行业分类,2026-07-28
688573,c35,C35专用设备制造业,证监会行业分类,2026-07-28
688575,c27,C27医药制造业,证监会行业分类,2026-07-28
688576,c35,C35专用设备制造业,证监会行业分类,2026-07-28
688577,c34,C34通用设备制造业,证监会行业分类,2026-07-28
688578,c27,C27医药制造业,证监会行业分类,2026-07-28
688579,i65,I65软件和信息技术服务业,证监会行业分类,2026-07-28
688580,c35,C35专用设备制造业,证监会行业分类,2026-07-28
688581,c35,C35专用设备制造业,证监会行业分类,2026-07-28
688582,c39,C39计算机、通信和其他电子设备制造业,证监会行业分类,2026-07-28
688583,c40,C40仪器仪表制造业,证监会行业分类,2026-07-28
688584,c39,C39计算机、通信和其他电子设备制造业,证监会行业分类,2026-07-28
688585,c26,C26化学原料和化学制品制造业,证监会行业分类,2026-07-28
688586,c37,C37铁路、船舶、航空航天和其他运输设备制造业,证监会行业分类,2026-07-28
688588,i65,I65软件和信息技术服务业,证监会行业分类,2026-07-28
688589,i65,I65软件和信息技术服务业,证监会行业分类,2026-07-28
688590,i65,I65软件和信息技术服务业,证监会行业分类,2026-07-28
688591,c39,C39计算机、通信和其他电子设备制造业,证监会行业分类,2026-07-28
688592,c39,C39计算机、通信和其他电子设备制造业,证监会行业分类,2026-07-28
688593,i65,I65软件和信息技术服务业,证监会行业分类,2026-07-28
688595,c39,C39计算机、通信和其他电子设备制造业,证监会行业分类,2026-07-28
688596,c35,C35专用设备制造业,证监会行业分类,2026-07-28
688597,c40,C40仪器仪表制造业,证监会行业分类,2026-07-28
688598,c30,C30非金属矿物制品业,证监会行业分类,2026-07-28
688599,c38,C38电气机械和器材制造业,证监会行业分类,2026-07-28
688600,c40,C40仪器仪表制造业,证监会行业分类,2026-07-28
688601,c39,C39计算机、通信和其他电子设备制造业,证监会行业分类,2026-07-28
688602,c26,C26化学原料和化学制品制造业,证监会行业分类,2026-07-28
688603,c39,C39计算机、通信和其他电子设备制造业,证监会行业分类,2026-07-28
688605,c34,C34通用设备制造业,证监会行业分类,2026-07-28
688606,c27,C27医药制造业,证监会行业分类,2026-07-28
688607,c35,C35专用设备制造业,证监会行业分类,2026-07-28
688608,c39,C39计算机、通信和其他电子设备制造业,证监会行业分类,2026-07-28
688609,c39,C39计算机、通信和其他电子设备制造业,证监会行业分类,2026-07-28
688610,c40,C40仪器仪表制造业,证监会行业分类,2026-07-28
688611,c38,C38电气机械和器材制造业,证监会行业分类,2026-07-28
688612,c36,C36汽车制造业,证监会行业分类,2026-07-28
688613,c35,C35专用设备制造业,证监会行业分类,2026-07-28
688615,i65,I65软件和信息技术服务业,证监会行业分类,2026-07-28
688616,c40,C40仪器仪表制造业,证监会行业分类,2026-07-28
688617,c35,C35专用设备制造业,证监会行业分类,2026-07-28
688618,c39,C39计算机、通信和其他电子设备制造业,证监会行业分类,2026-07-28
688619,i65,I65软件和信息技术服务业,证监会行业分类,2026-07-28
688620,c39,C39计算机、通信和其他电子设备制造业,证监会行业分类,2026-07-28
688621,m73,M73研究和试验发展,证监会行业分类,2026-07-28
688622,c40,C40仪器仪表制造业,证监会行业分类,2026-07-28
688623,c35,C35专用设备制造业,证监会行业分类,2026-07-28
688625,c26,C26化学原料和化学制品制造业,证监会行业分类,2026-07-28
688626,c35,C35专用设备制造业,证监会行业分类,2026-07-28
688627,c35,C35专用设备制造业,证监会行业分类,2026-07-28
688628,c40,C40仪器仪表制造业,证监会行业分类,2026-07-28
688629,c39,C39计算机、通信和其他电子设备制造业,证监会行业分类,2026-07-28
688630,c35,C35专用设备制造业,证监会行业分类,2026-07-28
688631,i65,I65软件和信息技术服务业,证监会行业分类,2026-07-28
688633,c35,C35专用设备制造业,证监会行业分类,2026-07-28
688635,c39,C39计算机、通信和其他电子设备制造业,证监会行业分类,2026-07-28
688636,c39,C39计算机、通信和其他电子设备制造业,证监会行业分类,2026-07-28
688638,c35,C35专用设备制造业,证监会行业分类,2026-07-28
688639,c26,C26化学原料和化学制品制造业,证监会行业分类,2026-07-28
688646,c35,C35专用设备制造业,证监会行业分类,2026-07-28
688648,c34,C34通用设备制造业,证监会行业分类,2026-07-28
688651,i65,I65软件和信息技术服务业,证监会行业分类,2026-07-28
688652,c35,C35专用设备制造业,证监会行业分类,2026-07-28
688653,c39,C39计算机、通信和其他电子设备制造业,证监会行业分类,2026-07-28
688655,c39,C39计算机、通信和其他电子设备制造业,证监会行业分类,2026-07-28
688656,c27,C27医药制造业,证监会行业分类,2026-07-28
688657,i65,I65软件和信息技术服务业,证监会行业分类,2026-07-28
688658,c27,C27医药制造业,证监会行业分类,2026-07-28
688659,c26,C26化学原料和化学制品制造业,证监会行业分类,2026-07-28
688660,c34,C34通用设备制造业,证监会行业分类,2026-07-28
688661,c39,C39计算机、通信和其他电子设备制造业,证监会行业分类,2026-07-28
688662,c39,C39计算机、通信和其他电子设备制造业,证监会行业分类,2026-07-28
688663,c38,C38电气机械和器材制造业,证监会行业分类,2026-07-28
688665,c39,C39计算机、通信和其他电子设备制造业,证监会行业分类,2026-07-28
688667,c39,C39计算机、通信和其他电子设备制造业,证监会行业分类,2026-07-28
688668,c39,C39计算机、通信和其他电子设备制造业,证监会行业分类,2026-07-28
688669,c29,C29橡胶和塑料制品业,证监会行业分类,2026-07-28
688670,c27,C27医药制造业,证监会行业分类,2026-07-28
688671,c40,C40仪器仪表制造业,证监会行业分类,2026-07-28
688676,c38,C38电气机械和器材制造业,证监会行业分类,2026-07-28
688677,c35,C35专用设备制造业,证监会行业分类,2026-07-28
688678,c34,C34通用设备制造业,证监会行业分类,2026-07-28
688679,n77,N77生态保护和环境治理业,证监会行业分类,2026-07-28
688680,c29,C29橡胶和塑料制品业,证监会行业分类,2026-07-28
688681,c38,C38电气机械和器材制造业,证监会行业分类,2026-07-28
688682,i65,I65软件和信息技术服务业,证监会行业分类,2026-07-28
688683,c39,C39计算机、通信和其他电子设备制造业,证监会行业分类,2026-07-28
688685,c37,C37铁路、船舶、航空航天和其他运输设备制造业,证监会行业分类,2026-07-28
688686,c40,C40仪器仪表制造业,证监会行业分类,2026-07-28
688687,c27,C27医药制造业,证监会行业分类,2026-07-28
688689,c39,C39计算机、通信和其他电子设备制造业,证监会行业分类,2026-07-28
688690,c26,C26化学原料和化学制品制造业,证监会行业分类,2026-07-28
688691,i65,I65软件和信息技术服务业,证监会行业分类,2026-07-28
688692,i65,I65软件和信息技术服务业,证监会行业分类,2026-07-28
688693,c39,C39计算机、通信和其他电子设备制造业,证监会行业分类,2026-07-28
688695,i65,I65软件和信息技术服务业,证监会行业分类,2026-07-28
688696,c39,C39计算机、通信和其他电子设备制造业,证监会行业分类,2026-07-28
688697,c34,C34通用设备制造业,证监会行业分类,2026-07-28
688698,c40,C40仪器仪表制造业,证监会行业分类,2026-07-28
688699,i65,I65软件和信息技术服务业,证监会行业分类,2026-07-28
688700,c35,C35专用设备制造业,证监会行业分类,2026-07-28
688701,n77,N77生态保护和环境治理业,证监会行业分类,2026-07-28
688702,i65,I65软件和信息技术服务业,证监会行业分类,2026-07-28
688707,c39,C39计算机、通信和其他电子设备制造业,证监会行业分类,2026-07-28
688708,c41,C41其他制造业,证监会行业分类,2026-07-28
688709,c39,C39计算机、通信和其他电子设备制造业,证监会行业分类,2026-07-28
688710,m73,M73研究和试验发展,证监会行业分类,2026-07-28
688711,c39,C39计算机、通信和其他电子设备制造业,证监会行业分类,2026-07-28
688712,c35,C35专用设备制造业,证监会行业分类,2026-07-28
688716,c26,C26化学原料和化学制品制造业,证监会行业分类,2026-07-28
688717,c38,C38电气机械和器材制造业,证监会行业分类,2026-07-28
688718,c35,C35专用设备制造业,证监会行业分类,2026-07-28
688719,c38,C38电气机械和器材制造业,证监会行业分类,2026-07-28
688720,c39,C39计算机、通信和其他电子设备制造业,证监会行业分类,2026-07-28
688721,c39,C39计算机、通信和其他电子设备制造业,证监会行业分类,2026-07-28
688722,c28,C28化学纤维制造业,证监会行业分类,2026-07-28
688726,c38,C38电气机械和器材制造业,证监会行业分类,2026-07-28
688727,c39,C39计算机、通信和其他电子设备制造业,证监会行业分类,2026-07-28
688728,c39,C39计算机、通信和其他电子设备制造业,证监会行业分类,2026-07-28
688729,c35,C35专用设备制造业,证监会行业分类,2026-07-28
688733,c39,C39计算机、通信和其他电子设备制造业,证监会行业分类,2026-07-28
688737,c26,C26化学原料和化学制品制造业,证监会行业分类,2026-07-28
688739,c27,C27医药制造业,证监会行业分类,2026-07-28
688750,c32,C32有色金属冶炼和压延加工业,证监会行业分类,2026-07-28
688755,c35,C35专用设备制造业,证监会行业分类,2026-07-28
688757,m74,M74专业技术服务业,证监会行业分类,2026-07-28
688758,c26,C26化学原料和化学制品制造业,证监会行业分类,2026-07-28
688759,c27,C27医药制造业,证监会行业分类,2026-07-28
688765,c27,C27医药制造业,证监会行业分类,2026-07-28
688766,c39,C39计算机、通信和其他电子设备制造业,证监会行业分类,2026-07-28
688767,c27,C27医药制造业,证监会行业分类,2026-07-28
688768,c40,C40仪器仪表制造业,证监会行业分类,2026-07-28
688772,c38,C38电气机械和器材制造业,证监会行业分类,2026-07-28
688775,c39,C39计算机、通信和其他电子设备制造业,证监会行业分类,2026-07-28
688776,c39,C39计算机、通信和其他电子设备制造业,证监会行业分类,2026-07-28
688777,i65,I65软件和信息技术服务业,证监会行业分类,2026-07-28
688778,c39,C39计算机、通信和其他电子设备制造业,证监会行业分类,2026-07-28
688779,c39,C39计算机、通信和其他电子设备制造业,证监会行业分类,2026-07-28
688781,c39,C39计算机、通信和其他电子设备制造业,证监会行业分类,2026-07-28
688783,c39,C39计算机、通信和其他电子设备制造业,证监会行业分类,2026-07-28
688785,c35,C35专用设备制造业,证监会行业分类,2026-07-28
688786,c33,C33金属制品业,证监会行业分类,2026-07-28
688787,i65,I65软件和信息技术服务业,证监会行业分类,2026-07-28
688788,c39,C39计算机、通信和其他电子设备制造业,证监会行业分类,2026-07-28
688789,c35,C35专用设备制造业,证监会行业分类,2026-07-28
688790,c39,C39计算机、通信和其他电子设备制造业,证监会行业分类,2026-07-28
688793,c38,C38电气机械和器材制造业,证监会行业分类,2026-07-28
688795,c39,C39计算机、通信和其他电子设备制造业,证监会行业分类,2026-07-28
688796,m73,M73研究和试验发展,证监会行业分类,2026-07-28
688797,c39,C39计算机、通信和其他电子设备制造业,证监会行业分类,2026-07-28
688798,c39,C39计算机、通信和其他电子设备制造业,证监会行业分类,2026-07-28
688799,c27,C27医药制造业,证监会行业分类,2026-07-28
688800,c39,C39计算机、通信和其他电子设备制造业,证监会行业分类,2026-07-28
688802,c39,C39计算机、通信和其他电子设备制造业,证监会行业分类,2026-07-28
688805,c35,C35专用设备制造业,证监会行业分类,2026-07-28
688806,c27,C27医药制造业,证监会行业分类,2026-07-28
688807,c39,C39计算机、通信和其他电子设备制造业,证监会行业分类,2026-07-28
688808,c40,C40仪器仪表制造业,证监会行业分类,2026-07-28
688809,c39,C39计算机、通信和其他电子设备制造业,证监会行业分类,2026-07-28
688811,c32,C32有色金属冶炼和压延加工业,证监会行业分类,2026-07-28
688813,c35,C35专用设备制造业,证监会行业分类,2026-07-28
688816,c40,C40仪器仪表制造业,证监会行业分类,2026-07-28
688818,c37,C37铁路、船舶、航空航天和其他运输设备制造业,证监会行业分类,2026-07-28
688819,c38,C38电气机械和器材制造业,证监会行业分类,2026-07-28
688820,c39,C39计算机、通信和其他电子设备制造业,证监会行业分类,2026-07-28
688825,c39,C39计算机、通信和其他电子设备制造业,证监会行业分类,2026-07-28
688981,c39,C39计算机、通信和其他电子设备制造业,证监会行业分类,2026-07-28
689009,c39,C39计算机、通信和其他电子设备制造业,证监会行业分类,2026-07-28
